/*
SQLyog Ultimate v9.33 GA
MySQL - 5.1.53-community-log : Database - balance
*********************************************************************
*/

/*!40101 SET NAMES utf8 */;

/*!40101 SET SQL_MODE=''*/;

/*!40014 SET @OLD_UNIQUE_CHECKS=@@UNIQUE_CHECKS, UNIQUE_CHECKS=0 */;
/*!40014 SET @OLD_FOREIGN_KEY_CHECKS=@@FOREIGN_KEY_CHECKS, FOREIGN_KEY_CHECKS=0 */;
/*!40101 SET @OLD_SQL_MODE=@@SQL_MODE, SQL_MODE='NO_AUTO_VALUE_ON_ZERO' */;
/*!40111 SET @OLD_SQL_NOTES=@@SQL_NOTES, SQL_NOTES=0 */;
/*Table structure for table `accounts` */

DROP TABLE IF EXISTS `accounts`;

CREATE TABLE `accounts` (
  `id` int(11) unsigned NOT NULL AUTO_INCREMENT,
  `name` varchar(250) DEFAULT NULL,
  `balance` decimal(10,2) DEFAULT NULL,
  `user_id` int(11) DEFAULT NULL,
  PRIMARY KEY (`id`)
) ENGINE=MyISAM AUTO_INCREMENT=10 DEFAULT CHARSET=utf8;

/*Data for the table `accounts` */

insert  into `accounts`(`id`,`name`,`balance`,`user_id`) values (1,'Santander Rio','4142.99',1),(8,'Lata','9.50',1),(3,'Efectivo Flavia','33.70',2),(4,'Efectivo Eric','194.55',1),(9,'Banco Nación','453.28',2);

/*Table structure for table `categories` */

DROP TABLE IF EXISTS `categories`;

CREATE TABLE `categories` (
  `id` int(11) unsigned NOT NULL AUTO_INCREMENT,
  `name` varchar(250) DEFAULT NULL,
  PRIMARY KEY (`id`)
) ENGINE=MyISAM AUTO_INCREMENT=37 DEFAULT CHARSET=utf8;

/*Data for the table `categories` */

insert  into `categories`(`id`,`name`) values (17,'Salidas'),(16,'Almacén'),(15,'Kiosko'),(14,'Supermercado'),(13,'Alquiler'),(12,'Impuestos'),(18,'Auto'),(19,'Varios'),(21,'Viatico'),(22,'Monotributo'),(23,'Sueldo'),(24,'Almuerzo'),(25,'Clases'),(26,'Tarjeta de crédito'),(28,'Farmacia'),(29,'Libreria'),(30,'Celular'),(31,'Obra Social'),(32,'Banco'),(33,'Ferreteria'),(34,'Freelo'),(35,'Gimnasio'),(36,'Compra de moneda');

/*Table structure for table `entries` */

DROP TABLE IF EXISTS `entries`;

CREATE TABLE `entries` (
  `id` int(11) unsigned NOT NULL AUTO_INCREMENT,
  `created` date DEFAULT NULL,
  `ammount` decimal(10,2) DEFAULT NULL,
  `comment` tinytext,
  `type_id` int(11) DEFAULT NULL,
  `user_id` int(11) DEFAULT NULL,
  `category_id` int(11) DEFAULT NULL,
  `account_id` int(11) DEFAULT NULL,
  `is_transferencia` tinyint(1) DEFAULT '0',
  PRIMARY KEY (`id`)
) ENGINE=MyISAM AUTO_INCREMENT=3000 DEFAULT CHARSET=utf8;

/*Data for the table `entries` */

insert  into `entries`(`id`,`created`,`ammount`,`comment`,`type_id`,`user_id`,`category_id`,`account_id`,`is_transferencia`) values (1,'2010-04-01','5171.11','RECT ingreso inicial',2,1,19,1,0),(2,'2010-04-01','20.64','AySA',1,1,12,1,0),(3,'2010-04-01','26.04','Edesur',1,1,12,1,0),(4,'2010-04-02','0.88','RECT saldo inicial incorrecto',2,1,19,1,0),(5,'2010-04-02','130.00','RECT saldo inicial',2,1,19,4,0),(6,'2010-04-02','982.00','RECT saldo inicial',2,1,19,8,0),(8,'2010-04-02','172.00','RECT saldo inicial',2,1,19,7,0),(9,'2010-04-01','1100.00','RECT saldo inicial',2,2,19,3,0),(10,'2010-04-01','1100.00','',1,2,13,3,0),(12,'2010-04-01','58.50','RECT arreglo ingreso',2,1,19,4,0),(13,'2010-04-01','10.50','cigarrillos',1,1,15,4,0),(14,'2010-04-01','2.00','postre',1,1,16,4,0),(15,'2010-04-01','46.00','pizzas solera',1,1,16,4,0),(16,'2010-04-02','24.50','starbucks',1,1,17,4,0),(17,'2010-04-02','6.60','estacionamiento abasto 1h',1,1,17,4,0),(18,'2010-04-03','2.75','verdura',1,1,16,4,0),(19,'2010-04-05','350.00','Cochera',1,1,18,8,0),(20,'2010-04-05','10.00','Pila control remoto',1,1,19,8,0),(21,'2010-04-05','20.00','cassette mini dv',1,1,19,8,0),(22,'2010-04-05','20.00','transferencia ',3,1,19,8,1),(23,'2010-04-05','20.00','transferencia ',3,1,19,4,1),(24,'2010-04-05','60.00','nafta',1,1,18,1,0),(25,'2010-04-05','24.00','estacionamiento jura silvana',1,1,17,4,0),(26,'2010-04-06','3.00','ferreteria',1,1,19,4,0),(27,'2010-04-06','10.50','cigarrillos',1,1,15,4,0),(28,'2010-04-07','115.30','',1,1,14,1,0),(29,'2010-04-07','70.00','transferencia ',3,1,19,8,1),(30,'2010-04-07','70.00','transferencia ',3,1,19,4,1),(31,'2010-04-07','0.60','limpia vidrios',1,1,19,4,0),(32,'2010-04-07','55.00','mouse inalambrico',1,1,19,4,0),(33,'2010-04-07','7.20','2 pilas AAA',1,1,19,4,0),(34,'2010-04-07','100.00','transferencia ',3,1,19,8,1),(35,'2010-04-07','100.00','transferencia ',3,1,19,4,1),(36,'2010-04-08','70.00','almuerzo temaiken',1,1,17,1,0),(37,'2010-04-08','60.00','nafta',1,1,18,1,0),(38,'2010-04-08','7.00','gaseosa temaiken',1,1,17,4,0),(39,'2010-04-09','190.00','expensas',1,1,13,8,0),(40,'2010-04-09','500.00','RECT La Canastita',2,2,19,3,0),(41,'2010-04-09','26.90','pollo',1,2,16,3,0),(42,'2010-04-09','6.00','verduleria',1,2,16,3,0),(43,'2010-04-09','1.25','viatico miercoles',1,2,21,3,0),(44,'2010-04-09','8.45','pejes x 2',1,2,17,3,0),(45,'2010-04-09','2.50','viatico viernes mañana',1,2,21,3,0),(46,'2010-04-09','220.00','monotributo abril',1,2,22,3,0),(47,'2010-04-09','0.20','diferencia pejes',1,2,17,3,0),(48,'2010-04-09','3593.00','',2,1,23,1,0),(49,'2010-04-09','24.86','',2,1,14,1,0),(50,'2010-04-09','57.59','reintegros debito rio',2,1,19,1,0),(51,'2010-04-09','0.01','RECT rectificatoria nafta',1,1,19,1,0),(52,'2010-04-09','1521.00','sueldo y liquidacion p3',2,1,23,8,0),(53,'2010-04-09','20.00','',1,1,24,4,0),(54,'2010-04-09','2.00','',1,1,21,4,0),(55,'2010-04-09','10.50','cigarrillos',1,1,15,4,0),(56,'2010-04-09','1.25','',1,2,21,3,0),(57,'2010-04-10','3.00','verduleria',1,2,16,3,0),(58,'2010-04-11','17.00','carne',1,2,16,8,0),(59,'2010-04-11','0.20','carne centavos',1,2,16,3,0),(60,'2010-04-11','107.50','nafta',1,1,18,1,0),(61,'2010-04-12','784.00','Cheques UTN',2,2,23,3,0),(62,'2010-04-12','9.20','',1,1,24,4,0),(63,'2010-04-12','70.00','inscripcion + cuota',1,2,25,3,0),(64,'2010-04-12','5.00','venta de cinta scotch a Marila',2,2,16,4,0),(65,'2010-04-13','15.00','coca, cigarrillos y caramelos',1,1,15,4,0),(66,'2010-04-13','2.50','viatico miercoles',1,2,21,3,0),(67,'2010-04-13','996.32','',1,1,26,1,0),(68,'2010-04-13','8.68','metrogas',1,1,12,1,0),(521,'2010-08-01','7.00','bostoncitos de pan',1,2,16,3,0),(520,'2010-07-31','1.25','utn viernes',1,2,21,3,0),(71,'2010-04-13','23.50','apunte Flavia',1,1,19,4,0),(72,'2010-04-14','5.50','coffee mate para la oficina',1,1,16,4,0),(73,'2010-04-14','14.00','comida china',1,1,24,4,0),(74,'2010-04-14','2.50','huevos',1,2,16,3,0),(75,'2010-04-14','1.25','utn miercoles',1,2,21,3,0),(76,'2010-04-14','5.00','12 huevos',1,1,16,4,0),(77,'2010-04-15','3.50','caramelos propoleo',1,1,16,4,0),(78,'2010-04-15','19.00','',1,1,24,4,0),(79,'2010-04-15','200.00','la canastita',2,2,23,3,0),(80,'2010-04-15','934.30','cortinas / baño / hospital italiano / carref / garbarino',1,2,26,3,0),(81,'2010-04-15','26.00','regalo nora1',1,2,19,4,0),(82,'2010-04-15','0.00','4',1,2,19,3,0),(83,'2010-04-15','26.00','RECT anulacion regalo nora',2,2,19,4,0),(84,'2010-04-15','26.00','regalo nora 1',1,2,19,8,0),(85,'2010-04-15','4.00','regalo nora 2',1,2,19,3,0),(86,'2010-04-15','249.67','',1,1,14,1,0),(87,'2010-04-17','26.60','estac. Nora',1,2,17,4,0),(88,'2010-04-17','1.25','viatico UTN',1,2,21,3,0),(89,'2010-04-17','10.50','',1,2,15,4,0),(90,'2010-04-17','22.50','devolucion super marila',2,2,19,4,0),(91,'2010-04-19','4.00','coca para almuerzo',1,1,24,4,0),(92,'2010-04-20','2.50','utn',1,2,21,3,0),(93,'2010-04-20','6.00','Sacarina',1,1,16,4,0),(94,'2010-04-21','6.25','milanesa de soja (lunes)',1,2,16,3,0),(95,'2010-04-21','1.00','fotocopias',1,2,19,3,0),(96,'2010-04-22','2.50','utn miercoles',1,2,21,3,0),(97,'2010-04-21','10.00','',1,1,24,4,0),(98,'2010-04-21','10.50','cigarrillos',1,1,15,4,0),(99,'2010-04-22','2.50','utn jueves',1,2,21,3,0),(100,'2010-04-23','100.00','transferencia ',3,1,19,8,1),(101,'2010-04-23','100.00','transferencia ',3,1,19,4,1),(102,'2010-04-23','22.00','agua Ives',1,2,16,8,0),(103,'2010-04-23','6.50','aranitas',1,2,16,8,0),(104,'2010-04-23','1.00','aranitas',1,2,16,8,0),(105,'2010-04-23','2600.00','liquidacion p3',2,1,23,8,0),(106,'2010-04-23','90.00','liquidacion p3',2,1,23,4,0),(107,'2010-04-25','7.10','jamon',1,1,16,4,0),(108,'2010-04-25','7.25','verduleria',1,1,16,4,0),(109,'2010-04-25','1.00','propina YPF',1,1,19,4,0),(110,'2010-04-25','120.00','nafta',1,1,18,1,0),(111,'2010-04-25','10.50','cigarrillos',1,1,15,4,0),(112,'2010-04-25','16.75','devolucion nafta hasta el 24/4',2,1,18,1,0),(113,'2010-04-25','52.51','devolicion super hasta el 24/4',2,1,14,1,0),(114,'2010-04-25','42.80','supermercado jueves 23/4',1,1,14,1,0),(115,'2010-04-25','60.01','nafta',1,1,18,1,0),(116,'2010-04-25','0.50','iglesia',1,1,19,3,0),(117,'2010-04-25','3.75','viatico viernes utn',1,1,21,3,0),(118,'2010-04-25','3.75','viatico viernes utn',1,1,21,3,0),(119,'2010-04-25','3.75','RECT correccion por doble carga',2,1,19,3,0),(120,'2010-04-26','21.00','',1,1,24,4,0),(121,'2010-04-26','1.25','utn lunes',1,2,21,3,0),(122,'2010-04-27','57.00','',1,2,16,8,0),(123,'2010-04-27','0.50','pollo /carne picada /carne tb item anterior',1,2,16,8,0),(124,'2010-04-27','2.00','jugos eric',1,2,16,8,0),(125,'2010-04-28','380.00','limbo de caliz',2,2,23,3,0),(126,'2010-04-28','1.50','tren palermo',1,2,19,3,0),(127,'2010-04-28','14.50','cigarrillos y coca',1,1,15,4,0),(128,'2010-04-28','1.25','miercoles utn',1,2,21,3,0),(129,'2010-04-29','11.00','ñoquis',1,2,16,8,0),(130,'2010-04-30','22.00','agua',1,2,16,8,0),(131,'2010-04-30','2.00','',1,2,21,3,0),(132,'2010-04-30','0.50','viatico jueves UTN conti',1,2,21,3,0),(133,'2010-04-30','132.06','',1,1,14,1,0),(134,'2010-04-30','34.00','lavado',1,1,18,4,0),(135,'2010-04-30','6.30','milanesa de soja',1,1,16,4,0),(136,'2010-04-30','2.30','utn viernes',1,2,21,3,0),(137,'2010-05-01','308.09','tarjeta mas',1,1,26,1,0),(138,'2010-05-01','150.35','OSDE',1,1,19,4,0),(139,'2010-05-01','206.60','tarjeta CMR',1,1,26,4,0),(140,'2010-05-01','150.35','RECT anulacion osde',2,1,19,4,0),(141,'2010-05-01','206.60','RECT anulacion cmr',2,1,19,4,0),(142,'2010-05-01','150.35','OSDE',1,1,19,1,0),(143,'2010-05-01','206.60','tarjeta CMR',1,1,26,1,0),(144,'2010-05-01','127.66','Claro',1,1,19,1,0),(145,'2010-05-01','6.00','faina',1,2,16,3,0),(146,'2010-05-02','99.36','nafta',1,1,18,1,0),(147,'2010-05-02','40.21','ABL',1,1,12,1,0),(148,'2010-05-02','72.60','mantenimiento cta rio',1,1,19,1,0),(149,'2010-04-28','6.42','devolucion super',2,1,14,1,0),(150,'2010-04-28','12.00','devolucion nafta',2,1,18,1,0),(151,'2010-05-02','0.50','misa',1,2,19,3,0),(152,'2010-05-02','71.57','farmacia',1,2,19,1,0),(153,'2010-05-03','200.00','la canastita',2,2,23,3,0),(154,'2010-05-03','140.00','gym',1,2,19,3,0),(155,'2010-05-03','219.00','mayo',1,2,22,3,0),(156,'2010-05-03','60.00','portugues mayo',1,2,25,3,0),(157,'2010-05-03','20.50','',1,1,24,4,0),(158,'2010-05-04','24.00','regalo laura',1,2,19,3,0),(159,'2010-05-04','1.25','utn lunes',1,2,21,3,0),(160,'2010-05-04','4.00','venta lavandina',2,2,16,3,0),(161,'2010-05-04','640.00','',2,1,23,8,0),(162,'2010-05-04','380.00','cochera',1,1,18,8,0),(163,'2010-05-04','10.00','cigarrillos',1,1,15,8,0),(164,'2010-05-04','0.50','cigarrillos',1,1,15,4,0),(165,'2010-05-04','1100.00','',1,1,13,8,0),(166,'2010-05-04','2534.00','proporcional abril overprint',2,1,23,1,0),(167,'2010-05-05','200.00','la canastita',2,2,23,3,0),(168,'2010-05-05','5.90','bananas y tomates',1,1,16,4,0),(169,'2010-05-06','1.25','utn miercoles',1,2,21,3,0),(170,'2010-05-06','2.50','jueves utn',1,2,21,3,0),(171,'2010-05-06','1.05','jueves utn paro subte',1,2,21,3,0),(172,'2010-05-07','137.30','',1,1,14,1,0),(173,'2010-05-07','2.50','viatico viernes mañana',1,2,21,4,0),(174,'2010-05-07','2.50','viatico mal ingresado',2,2,21,4,0),(175,'2010-05-07','2.50','viatico viernres mañna',1,2,21,3,0),(176,'2010-05-08','4.05','pan hamburguesa',1,1,16,4,0),(177,'2010-05-08','27.00','alargue',1,1,19,4,0),(178,'2010-05-08','1.25','utn viernes',1,2,21,3,0),(179,'2010-05-09','79.00','sil super y marila agua',2,2,14,4,0),(180,'2010-05-09','117.03','nafta',1,2,18,1,0),(181,'2010-05-09','21.00','cafe las violetas',1,2,17,4,0),(182,'2010-05-09','2.00','propina',1,2,17,3,0),(183,'2010-05-09','1.00','misa',1,2,19,3,0),(184,'2010-05-09','29.12','devolucion IVA',2,2,19,1,0),(185,'2010-05-09','19.81','devolucion santander',2,2,14,1,0),(186,'2010-05-09','9.94','devolucion nafta',2,2,18,1,0),(187,'2010-05-09','70.00','walter jumbo mas',2,2,19,4,0),(188,'2010-05-10','635.00','cheques utn',2,2,23,3,0),(189,'2010-05-10','190.00','expensas',1,2,13,3,0),(190,'2010-05-10','1.25','utn lunes',1,2,21,3,0),(191,'2010-05-11','771.00','visa abril',1,2,26,3,0),(192,'2010-05-11','39.00','carne, fiambre',1,2,16,3,0),(193,'2010-05-11','2.50','viatico puerta 18',1,2,21,3,0),(194,'2010-05-11','19.75','pollo',1,2,16,3,0),(195,'2010-05-11','21.00','almuerzo lunes',1,2,24,4,0),(196,'2010-05-11','1.00','moneda coti',1,2,19,4,0),(197,'2010-05-11','35.00','varios',1,2,16,3,0),(198,'2010-05-12','6.75','cigarrillos y tictac',1,1,15,4,0),(199,'2010-05-13','1.25','utn miercoles',1,2,21,3,0),(200,'2010-05-13','3.45','utn jueves',1,2,21,4,0),(201,'2010-05-14','5.25','cigfarrillos',1,1,15,4,0),(202,'2010-05-14','11.00','agua',1,2,16,3,0),(203,'2010-05-14','1.25','viaje utn viernes',1,2,21,3,0),(204,'2010-05-14','241.35','super',1,2,14,1,0),(205,'2010-05-15','33.00','rabas y cornalitos',1,1,24,4,0),(206,'2010-05-15','3.50','ferreteria',1,1,19,4,0),(207,'2010-05-16','100.00','nafta',1,1,18,1,0),(208,'2010-05-16','7.00','agua destilada',1,1,18,4,0),(209,'2010-05-16','5.25','cigarrillos',1,1,15,4,0),(210,'2010-05-17','13.65','pan y fiambre',1,1,24,4,0),(211,'2010-05-17','6.30','mila de soja',1,1,16,4,0),(212,'2010-05-17','4.00','tomates',1,1,16,4,0),(213,'2010-05-17','1.25','utn lunes',1,2,21,3,0),(214,'2010-05-18','100.00','transferencia ',3,1,19,8,1),(215,'2010-05-18','100.00','transferencia ',3,1,19,4,1),(219,'2010-05-18','2.50','viativo puerta 18',1,2,21,3,0),(220,'2010-05-19','6.90','galletitas y tic tac',1,1,15,4,0),(221,'2010-05-19','250.00','la canastita',2,2,23,3,0),(222,'2010-05-19','20.40','costillitas y jamon',1,2,16,3,0),(223,'2010-05-19','26.04','jamon, queso y pan lactal',1,1,16,4,0),(224,'2010-05-20','2.50','jueves utn',1,2,21,3,0),(225,'2010-05-20','27.60','cera',1,2,16,3,0),(226,'2010-05-20','5.00','huevos',1,2,16,3,0),(227,'2010-05-22','32.00','facturas oficina',1,1,19,4,0),(228,'2010-05-22','20.00','torta ricota',1,2,16,3,0),(229,'2010-05-22','23.65','cosas panqueques y sacarina',1,1,16,4,0),(230,'2010-05-22','20.00','medias',1,2,19,3,0),(231,'2010-05-22','2.50','miercoles y vienes',1,2,21,3,0),(232,'2010-05-22','0.55','misa',1,2,19,3,0),(233,'2010-05-23','0.50','propina limpia vidrios',1,2,18,3,0),(234,'2010-05-23','95.02','nafta',1,1,18,1,0),(286,'2010-06-03','6.00','lechuga y tomate',1,2,16,4,0),(236,'2010-05-23','692.33','pago visa',1,1,26,1,0),(237,'2010-05-23','27.46','devolucion',2,1,14,1,0),(238,'2010-05-23','11.70','devolucion nafta',2,1,18,1,0),(246,'2010-05-25','60.00','walter tarjeta mas',2,1,19,4,0),(240,'2010-05-23','48.27','supermercado',2,1,14,1,0),(241,'2010-05-23','10.00','nafta',2,1,18,1,0),(242,'2010-05-23','105.64','super',1,1,14,1,0),(243,'2010-05-24','20.00','torta de ricota',1,1,19,4,0),(244,'2010-05-24','18.60','facturas',1,1,19,8,0),(247,'2010-05-25','197.00','tarjeta mas',1,1,26,1,0),(248,'2010-05-27','440.00','maxi',2,2,23,3,0),(249,'2010-05-27','22.00','ravioles',1,2,16,3,0),(250,'2010-05-27','3.75','viatic miercoles y jueves utn',1,2,21,3,0),(251,'2010-05-28','46.62','',1,1,14,1,0),(252,'2010-05-28','83.49','mantenimiento banco rio',1,1,19,1,0),(253,'2010-05-28','11.76','cartulina, etiquetas y otras boludeces',1,1,19,1,0),(254,'2010-05-28','1.25','utn viernes',1,2,21,3,0),(255,'2010-05-28','11.00','agua',1,2,16,3,0),(256,'2010-05-29','34.00','polla',1,2,16,3,0),(257,'2010-05-29','16.50','ñoquis',1,2,16,3,0),(258,'2010-05-31','22.75','lector micro sd',1,1,19,4,0),(259,'2010-05-31','56.85','shampoo sorsis',1,1,19,1,0),(260,'2010-05-31','113.00','nafta',1,1,18,1,0),(261,'2010-05-31','1.25','viatico',1,1,21,3,0),(262,'2010-05-31','1485.00','javier',2,1,23,3,0),(263,'2010-06-01','350.00','cochera',1,1,18,8,0),(264,'2010-06-01','29.20','ingredientes salteado y golosinas',1,1,16,8,0),(265,'2010-06-01','4000.00','aleluya',2,1,23,1,0),(266,'2010-06-01','67.43','OSDE',1,1,19,1,0),(267,'2010-06-01','20.64','',1,1,12,1,0),(268,'2010-06-01','42.42','edesur. El anterior es aysa',1,1,12,1,0),(269,'2010-06-01','205.66','CMR Falabella',1,1,26,1,0),(280,'2010-06-03','97.66','Claro',1,1,19,1,0),(271,'2010-06-01','21.13','',2,1,14,1,0),(285,'2010-06-03','8.86','reintegro nafta',2,1,18,1,0),(273,'2010-06-01','9.50','nafta',2,1,18,1,0),(274,'2010-06-01','0.59','',2,1,14,1,0),(275,'2010-06-01','9.32','',2,1,14,1,0),(276,'2010-06-02','219.00','junio',1,2,22,3,0),(277,'2010-06-02','2.50','martes puerta 18',1,2,21,3,0),(278,'2010-06-02','700.00','parte1',1,2,13,3,0),(279,'2010-06-02','400.00','parte2',1,2,13,8,0),(281,'2010-06-03','6.00','martes',1,2,16,3,0),(282,'2010-06-03','6.25','vacuna x2, utn jueves y miercoles',1,2,21,3,0),(283,'2010-06-03','30.00','vacuna',1,2,19,3,0),(284,'2010-06-03','152.05','',1,1,14,1,0),(287,'2010-06-03','16.31','cosas que me olvide',1,1,16,4,0),(288,'2010-06-04','140.00','gym',1,2,19,3,0),(289,'2010-06-04','30.00','pollo para milanesa',1,2,16,3,0),(290,'2010-06-05','36.00','entrada Malba x2',1,1,17,8,0),(291,'2010-06-05','38.50','Merienda San Miguel',1,1,17,8,0),(292,'2010-06-05','2.00','Estacionamiento',1,1,17,4,0),(293,'2010-06-05','1.25','',1,1,17,3,0),(294,'2010-06-05','40.00','joystick',1,1,19,1,0),(295,'2010-06-06','116.00','nafta',1,1,18,1,0),(296,'2010-06-06','16.00','esponja',1,1,14,4,0),(297,'2010-06-06','1000.00','sueldo eric',2,1,23,8,0),(298,'2010-06-07','4.50','coca de la semana pasada',1,1,15,4,0),(299,'2010-06-07','0.50','misa',1,2,19,3,0),(300,'2010-06-08','1.25','utn lunes',1,2,21,3,0),(301,'2010-06-08','10.30','tarta, pan y gaseosa (me tiene que devolver $6 de la tarta)',1,1,24,4,0),(302,'2010-06-10','400.00','examen 4 soledad',2,2,23,3,0),(303,'2010-06-10','31.00','carne y arañitas',1,2,16,3,0),(304,'2010-06-10','3.80','azucar',1,2,16,3,0),(305,'2010-06-10','11.00','agua viernes',1,2,16,3,0),(306,'2010-06-10','6.00','tarta constanza',2,2,24,4,0),(307,'2010-06-10','6.25','martes/miercoles/jueves',1,2,21,3,0),(308,'2010-06-11','737.00','visa fla',1,2,26,3,0),(310,'2010-06-11','60.00','portugues',1,2,19,3,0),(311,'2010-06-11','29.00','',1,1,24,1,0),(312,'2010-06-11','81.06','remedios psoriasis',1,1,28,1,0),(313,'2010-06-12','193.09','',1,1,14,1,0),(314,'2010-06-12','684.85','Visa Santander RIO',1,1,26,1,0),(315,'2010-06-12','11.60','reintegro nafta',2,1,18,1,0),(321,'2010-06-12','11.97','reintegro',2,1,14,1,0),(320,'2010-06-12','30.41','reintegro',2,1,14,1,0),(318,'2010-06-12','25.34','devolucion IVA',2,1,19,1,0),(319,'2010-06-12','248.48','compra limpieza',1,1,14,1,0),(322,'2010-06-12','17.83','metrogas',1,1,12,1,0),(323,'2010-06-12','60.00','morral',1,1,19,8,0),(324,'2010-06-12','35.00','$27 sil y $8 marila',2,2,14,4,0),(325,'2010-06-14','9.70','jamon y queso flavia',1,1,16,4,0),(519,'2010-07-31','2.75','agua eric',1,2,16,3,0),(328,'2010-06-15','8.50','verduleria',1,1,16,4,0),(330,'2010-06-16','9.60','coca y golosinas',1,1,15,4,0),(331,'2010-06-16','50.00','extraccion cajero',1,1,19,1,0),(332,'2010-06-16','50.00','extraccion',2,1,19,4,0),(333,'2010-06-16','4.50','papas',1,2,16,3,0),(334,'2010-06-16','37.00','pollo',1,2,16,3,0),(335,'2010-06-16','18.00','medias',1,2,19,3,0),(336,'2010-06-16','5.00','pan',1,2,16,3,0),(337,'2010-06-16','5.45','viatico lunes y martes',1,2,21,3,0),(338,'2010-06-17','14.50','',1,1,24,4,0),(339,'2010-06-17','1.25','miercoles',1,2,21,3,0),(340,'2010-06-17','8.95','fiambre',1,2,16,3,0),(341,'2010-06-17','2.50','huevos',1,2,16,3,0),(342,'2010-06-17','190.00','acarreo',1,1,18,1,0),(343,'2010-06-17','50.00','regalo carolina',1,1,19,4,0),(344,'2010-06-17','151.44','',1,1,14,1,0),(345,'2010-06-17','99.50','nafta',1,1,18,1,0),(346,'2010-06-17','9.95','nafta',2,1,18,1,0),(347,'2010-06-18','11.00','agua',1,2,16,3,0),(348,'2010-06-18','10.00','medias',1,2,19,3,0),(349,'2010-06-18','2.50','viernes mañana',1,2,21,3,0),(350,'2010-06-21','3.00','peaje',1,1,17,4,0),(351,'2010-06-21','35.00','rabas',1,1,24,8,0),(352,'2010-06-21','3.40','viernes',1,1,21,3,0),(353,'2010-06-23','14.00','almuerzo martes 22/6',1,1,24,4,0),(354,'2010-06-23','5.00','coca',1,1,15,4,0),(355,'2010-06-23','110.01','nafta',1,1,18,1,0),(356,'2010-06-23','38.62','',2,1,14,1,0),(357,'2010-06-24','16.00','',1,1,24,4,0),(358,'2010-06-24','130.00','tranferencia',1,1,19,8,0),(359,'2010-06-24','130.00','transferencia',2,1,19,4,0),(360,'2010-06-25','3.75','viatico ma/mi',1,2,21,3,0),(361,'2010-06-25','9.40','verduleria',1,2,16,3,0),(362,'2010-06-25','11.00','agua',1,2,16,8,0),(363,'2010-06-25','30.00','carne',1,2,16,3,0),(364,'2010-06-25','13.50','cafe',1,1,17,4,0),(365,'2010-06-26','1.25','viernes',1,2,21,3,0),(366,'2010-06-26','12.00','lentejas y carne picada',1,2,16,3,0),(367,'2010-06-26','40.00','Lavado',1,1,18,4,0),(368,'2010-06-27','9.50','helado',1,2,16,3,0),(369,'2010-06-27','5.00','huevos',1,2,16,4,0),(370,'2010-06-28','0.80','Diferencia -',1,2,19,3,0),(371,'2010-06-28','0.55','Diferencia negativa',1,2,19,3,0),(372,'2010-06-28','156.49','descuento galletitas',1,1,14,1,0),(373,'2010-06-28','81.00','nafta',1,1,18,1,0),(374,'2010-06-28','116.90','super jueves 24/6',1,1,14,1,0),(375,'2010-06-28','30.29','reintegro',2,1,14,1,0),(376,'2010-06-28','11.00','nafta',2,1,18,1,0),(377,'2010-06-28','22.00','sacarina y saca peluza',1,1,16,4,0),(378,'2010-06-28','60.00','walter jumbo mas ultima cuota',2,1,26,4,0),(382,'2010-06-29','30.10','',1,1,28,4,0),(380,'2010-06-29','28.31','mantenimiento cuenta',1,1,19,1,0),(381,'2010-06-29','878.00','aguinaldo',2,1,23,1,0),(383,'2010-06-29','5.50','mc donalds',1,2,19,3,0),(384,'2010-06-29','6.80','milanesas de soja',1,1,16,4,0),(385,'2010-06-29','2.50','viatico puerta',1,2,21,3,0),(386,'2010-06-30','3.00','leche oficina',1,1,19,4,0),(387,'2010-06-30','8.10','coca y alfajor',1,1,15,4,0),(388,'2010-06-30','100.00','clases javier',2,2,23,3,0),(389,'2010-06-30','8.35','fiambre',1,2,16,3,0),(390,'2010-06-30','65.90','carne ',1,2,16,3,0),(391,'2010-06-30','18.75','ñoquis',1,2,16,3,0),(392,'2010-06-30','2.50','miercoles ortodoncista',1,2,21,3,0),(393,'2010-07-01','33.00','estacionamiento',1,1,21,4,0),(394,'2010-07-01','5.00','propina solera',1,1,17,4,0),(395,'2010-07-01','47.00','cena solera',1,1,17,1,0),(396,'2010-07-01','2000.00','Clases',2,2,23,3,0),(397,'2010-07-01','2.50','miercoles',1,2,21,3,0),(398,'2010-07-01','150.00','Regalo Nonna',1,2,19,3,0),(399,'2010-07-01','18.50','libro portugues',1,2,19,3,0),(402,'2010-07-01','100.00','transferencia',1,1,19,8,0),(403,'2010-07-01','100.00','transferencia',2,1,19,4,0),(404,'2010-07-01','32.00','',1,1,24,4,0),(405,'2010-07-01','221.39','tarjeta mas',1,1,26,1,0),(406,'2010-07-01','331.21','CMR',1,1,26,1,0),(409,'2010-07-01','128.45','CLARO',1,1,19,1,0),(408,'2010-07-01','40.21','ABL',1,1,12,1,0),(410,'2010-07-01','62.64','',1,1,14,1,0),(411,'2010-07-01','86.54','cosas boca eric',1,1,28,1,0),(412,'2010-07-02','219.00','julio',1,2,22,3,0),(413,'2010-07-02','15.00','carne',1,2,16,3,0),(414,'2010-07-02','11.00','agua',1,2,16,3,0),(415,'2010-07-02','800.00','alquiler parte 1',1,2,13,3,0),(416,'2010-07-02','300.00','alquiler parte 2',1,2,13,8,0),(417,'2010-07-02','13.50','cafe',1,1,17,1,0),(418,'2010-07-02','49.50','cosas dientes. BOLUDO!!!',1,1,28,1,0),(419,'2010-07-04','43.00','joggin',1,1,19,4,0),(420,'2010-07-04','11.75','mermelada',1,1,16,4,0),(421,'2010-07-04','110.00','nafta',1,1,18,1,0),(422,'2010-07-05','60.00','portugues',1,2,19,3,0),(423,'2010-07-05','1.00','pan',1,1,24,4,0),(424,'2010-07-06','1.50','chocolate',1,1,15,4,0),(425,'2010-07-06','1000.00','eric negro',2,1,23,8,0),(426,'2010-07-06','4000.00','sueldo eric',2,1,23,1,0),(434,'2010-07-06','41.75','devolución zucaritas',2,1,14,4,0),(428,'2010-07-06','58.39','devolucion iva',2,1,19,1,0),(429,'2010-07-06','2.50','martes soledad',1,2,21,3,0),(430,'2010-07-06','7.82','reintegro',2,1,14,1,0),(431,'2010-07-06','23.38','reintegro',2,1,14,1,0),(432,'2010-07-06','8.10','nafta',2,1,18,1,0),(433,'2010-07-06','219.14','tarjeta mas vieja',1,1,26,1,0),(435,'2010-07-06','6.50','tostado utn',1,2,17,3,0),(436,'2010-07-08','31.50','estacionamineto curso',1,1,19,4,0),(437,'2010-07-08','26.75','mostaza',1,1,24,1,0),(438,'2010-07-08','108.88','',1,1,14,1,0),(439,'2010-07-08','2.00','tomates',1,2,16,3,0),(440,'2010-07-09','22.00','fiambre',1,1,16,8,0),(441,'2010-07-09','4.80','pan',1,1,16,8,0),(442,'2010-07-11','6.00','faina',1,1,16,8,0),(443,'2010-07-11','6.90','pre pizza',1,1,16,8,0),(444,'2010-07-11','69.00','bufanda',1,1,19,1,0),(445,'2010-07-11','107.02','nafta',1,1,18,1,0),(446,'2010-07-11','11.00','nafta',2,1,18,1,0),(447,'2010-07-11','194.00','expensas',1,1,13,3,0),(448,'2010-07-11','350.00','cochera',1,1,18,8,0),(449,'2010-07-11','190.00','expensas junio 2010',1,1,13,8,0),(450,'2010-07-12','1.25','miercoles',1,2,21,3,0),(452,'2010-07-12','0.75','cosas',1,2,16,3,0),(453,'2010-07-12','11.00','agua',1,1,16,8,0),(454,'2010-07-13','12.00','facturas',1,1,19,4,0),(455,'2010-07-13','1.25','lunes utn',1,2,21,3,0),(456,'2010-07-13','1.50','tren dientes',1,2,21,3,0),(457,'2010-07-13','4.40','pases subte',1,2,21,3,0),(458,'2010-07-14','16.50','cafe instantaneo y coffee mate para eric',1,1,16,4,0),(459,'2010-07-14','680.75','visa julio',1,2,26,3,0),(460,'2010-07-14','12.25','latas de tomates junio carrefour',1,2,16,3,0),(461,'2010-07-14','25.00','Dif. limbo  fastener',2,2,23,3,0),(462,'2010-07-14','300.00','La Canastita',2,2,23,3,0),(463,'2010-07-14','6.80','milanesa de soja',1,2,16,3,0),(464,'2010-07-15','1.25','miercoles utn',1,2,21,3,0),(465,'2010-07-15','140.00','regalo walter',1,1,19,1,0),(466,'2010-07-15','183.96','',1,1,14,1,0),(467,'2010-07-17','2.50','plaza lezica',1,2,21,3,0),(468,'2010-07-17','1.25','utn viernes',1,2,21,3,0),(469,'2010-07-17','10.00','laura clases',1,2,17,3,0),(470,'2010-07-17','6.80','pre pizza',1,1,16,4,0),(471,'2010-07-17','31.50','estacionamiento curso',1,1,19,4,0),(472,'2010-07-17','805.85','visa rio',1,1,26,1,0),(473,'2010-07-17','12.53','reintegro promo',2,1,14,1,0),(474,'2010-07-17','10.70','nafta',2,1,18,1,0),(478,'2010-07-17','18.50','cafe',1,1,17,1,0),(477,'2010-07-17','21.78','reintegro super',2,1,14,1,0),(479,'2010-07-17','29.50','cable red',1,2,19,3,0),(518,'2010-07-31','4.95','dulce de leche',1,1,16,4,0),(481,'2010-07-19','1.25','utn lunes',1,2,21,3,0),(482,'2010-07-19','130.00','nafta',1,2,18,1,0),(483,'2010-07-20','30.00','pescetto',1,1,16,8,0),(485,'2010-07-20','30.10','milanesa pollo',1,1,16,8,0),(486,'2010-07-20','28.90','pollo parrilla',1,1,16,8,0),(487,'2010-07-20','11.00','agua',1,1,16,8,0),(488,'2010-07-20','26.00','milanesa pollo',1,2,16,3,0),(489,'2010-07-20','3.60','martes h.i',1,2,21,3,0),(490,'2010-07-22','4.50','estacionamiento curso',1,1,19,4,0),(491,'2010-07-22','6.00','porcion tarta',1,1,24,4,0),(492,'2010-07-22','1.25','miercoles utn',1,2,21,3,0),(493,'2010-07-22','142.82','superm',1,1,14,1,0),(494,'2010-07-22','11.00','agua',1,1,16,3,0),(495,'2010-07-23','2.50','viaje plaza',1,2,21,3,0),(496,'2010-07-23','15.50','cafe',1,1,17,1,0),(497,'2010-07-23','6.00','facturas',1,1,19,4,0),(498,'2010-07-24','1.20','utn viernes',1,2,21,3,0),(499,'2010-07-24','17.50','estacionamiento',1,1,17,4,0),(500,'2010-07-24','4.50','lamparita heladera',1,1,19,4,0),(501,'2010-07-24','16.70','prepizzas',1,1,16,4,0),(502,'2010-07-26','0.55','misa',1,2,19,3,0),(503,'2010-07-26','0.50','misa 18/07',1,2,19,3,0),(504,'2010-07-26','146.00','nafta',1,1,18,1,0),(505,'2010-07-26','13.00','nafta',2,1,18,1,0),(506,'2010-07-26','36.79','reintegro',2,1,14,1,0),(507,'2010-07-27','1.25','lunes utn',1,2,21,3,0),(508,'2010-07-27','2.90','frasco',1,2,16,3,0),(509,'2010-07-28','5.50','coffee mate',1,1,16,4,0),(510,'2010-07-28','32.00','',1,1,24,1,0),(511,'2010-07-29','2.80','tomate',1,2,16,3,0),(512,'2010-07-29','1.25','utn miercoles',1,2,21,3,0),(513,'2010-07-29','8.00','mousse de chocolate',1,1,24,4,0),(514,'2010-07-29','37.55','',1,1,14,1,0),(515,'2010-07-29','5.00','huevos',1,2,16,3,0),(516,'2010-07-30','8.00','estacionamiento tramites banco',1,1,17,4,0),(517,'2010-07-30','27.00','estacionamiento curso facebook',1,1,17,4,0),(522,'2010-08-01','0.50','misa',1,2,19,3,0),(523,'2010-08-01','219.00','Jorge Dhios',2,2,23,3,0),(524,'2010-08-01','219.00','agosto',1,2,22,3,0),(525,'2010-08-01','22.74','metrogas',1,1,12,1,0),(526,'2010-08-01','86.86','edesur',1,1,12,1,0),(527,'2010-08-01','20.64','aysa',1,1,12,1,0),(528,'2010-08-01','203.77','falabella',1,1,26,1,0),(529,'2010-08-01','128.45','claro',1,1,19,1,0),(530,'2010-08-01','120.00','nafta',1,1,18,1,0),(531,'2010-08-01','1.00','propina',1,1,18,4,0),(532,'2010-08-02','27.00','pollo',1,2,16,8,0),(533,'2010-08-02','25.00','ñoquis',1,2,16,8,0),(534,'2010-08-02','30.00','tintoreria',1,2,16,8,0),(535,'2010-08-02','8.20','agua oxigenada',1,2,16,3,0),(536,'2010-08-02','60.00','portugues',1,2,19,3,0),(537,'2010-08-03','16.70','libro portugues',1,2,19,3,0),(538,'2010-08-03','1.25','utn lunes',1,2,21,3,0),(539,'2010-08-03','5.40','chocolates',1,1,15,4,0),(540,'2010-08-03','2.50','puerta 18',1,2,21,3,0),(542,'2010-08-03','2000.00','clases + varios',2,2,23,3,0),(543,'2010-08-04','400.00','agosto',1,2,13,8,0),(544,'2010-08-04','700.00','agosto parte 2',1,2,13,3,0),(545,'2010-08-04','10.00','cumpleaños carlos ovp',1,1,19,4,0),(546,'2010-08-04','19.20','carne',1,2,16,3,0),(547,'2010-08-04','9.00','medias',1,2,19,3,0),(548,'2010-08-04','15.00','4 bifes',1,2,16,3,0),(549,'2010-08-05','13.00','helado',1,2,16,3,0),(550,'2010-08-05','36.00','duo decadron',1,2,19,3,0),(551,'2010-08-05','800.00','extracion muelas',1,2,19,3,0),(552,'2010-08-06','11.00','agua',1,2,16,3,0),(553,'2010-08-06','25.90','',1,1,24,1,0),(554,'2010-08-06','4000.00','',2,1,23,1,0),(555,'2010-08-06','7.51','reintegro',2,1,14,1,0),(556,'2010-08-06','12.00','nafta',2,1,18,1,0),(562,'2010-08-06','34.02','devolucion iva',2,1,19,1,0),(558,'2010-08-06','14.60','nafta',2,1,18,1,0),(559,'2010-08-06','28.56','reintegro',2,1,14,1,0),(560,'2010-08-06','23.40','mantenimiento banco',1,1,19,1,0),(561,'2010-08-06','4.91','iva mantenimiento banco',1,1,19,1,0),(564,'2010-08-07','500.00','Parcial',2,1,23,8,0),(565,'2010-08-08','350.00','cochera',1,1,18,8,0),(566,'2010-08-08','72.50','salida con los chicos',1,1,17,4,0),(567,'2010-08-09','2.80','alfajor',1,1,15,4,0),(568,'2010-08-09','50.00','teclado',1,1,19,4,0),(569,'2010-08-10','700.00','limbo de caliz',2,2,23,3,0),(570,'2010-08-10','8.00','verduleria',1,2,16,3,0),(571,'2010-08-11','5.40','agua oxigenada',1,2,19,3,0),(573,'2010-08-11','28.75','',1,1,24,1,0),(574,'2010-08-11','15.50','cafe',1,1,19,1,0),(575,'2010-08-11','5.00','empanadas lunes',1,1,24,4,0),(576,'2010-08-11','60.00','hosting',1,2,19,3,0),(577,'2010-08-11','1.25','jugo Eric',1,2,16,3,0),(578,'2010-08-11','9.00','aceitunas',1,2,16,3,0),(579,'2010-08-11','2.50','huevos',1,2,16,3,0),(580,'2010-08-11','235.37','',1,1,14,1,0),(581,'2010-08-11','500.00','parcial negro',2,1,23,8,0),(582,'2010-08-12','6.80','milanesa de soja',1,2,16,3,0),(583,'2010-08-12','140.00','gym',1,2,19,3,0),(584,'2010-08-12','639.40','visa',1,2,26,3,0),(585,'2010-08-13','11.00','agua',1,1,16,8,0),(586,'2010-08-13','15.00','carne',1,1,16,8,0),(587,'2010-08-13','14.00','jamon',1,1,16,8,0),(588,'2010-08-13','100.00','hosting',1,1,19,8,0),(589,'2010-08-13','2.80','alfajor',1,1,15,4,0),(590,'2010-08-13','25.00','peluqueria',1,1,19,4,0),(591,'2010-08-14','27.00','filtro uv',1,1,19,4,0),(592,'2010-08-14','90.00','saquito',1,1,19,1,0),(593,'2010-08-14','40.00','aire comprimido',1,1,19,8,0),(594,'2010-08-14','20.00','torta de ricota',1,1,19,8,0),(595,'2010-08-14','2.00','torta de ricota',1,1,19,4,0),(597,'2010-08-16','36.00','balance',1,1,16,8,0),(599,'2010-08-16','16.00','jardin japones',1,1,17,4,0),(600,'2010-08-17','6.00','faina',1,2,16,4,0),(601,'2010-08-17','2.50','fruta',1,2,16,4,0),(602,'2010-08-17','35.00','peluqueria',1,2,16,3,0),(603,'2010-08-17','42.00','3 poleras promo',1,2,16,3,0),(604,'2010-08-17','2.50','colectivos martes',1,1,21,4,0),(605,'2010-08-19','10.00','gas',1,1,19,4,0),(606,'2010-08-19','167.70','',1,1,14,1,0),(607,'2010-08-19','12.30','nafta',2,1,18,1,0),(608,'2010-08-19','802.81','visa rio',1,1,26,1,0),(612,'2010-08-19','47.07','reintegro',2,1,14,1,0),(610,'2010-08-19','123.00','nafta',1,1,18,1,0),(611,'2010-08-19','600.00','heiwa',2,1,23,1,0),(613,'2010-08-19','2.50','utn jueves',1,2,21,3,0),(614,'2010-08-19','1.50','banana',1,2,16,3,0),(615,'2010-08-19','10.00','facturas',1,2,16,3,0),(616,'2010-08-19','4.70','lechuga',1,2,16,3,0),(617,'2010-08-19','54.00','mal cargado el importe',1,2,26,3,0),(618,'2010-08-20','2.50','plaza lezica',1,2,21,3,0),(619,'2010-08-20','11.00','agua',1,2,16,3,0),(620,'2010-08-21','208.82','70%perfumeria',1,2,14,1,0),(621,'2010-08-21','43.50','super Marila 70%',2,2,14,4,0),(622,'2010-08-21','3.00','huevos\n',1,2,16,3,0),(623,'2010-08-21','6.80','pizza sabado',1,1,16,4,0),(624,'2010-08-22','3.75','leche',1,2,16,3,0),(625,'2010-08-22','20.00','nafta',1,1,18,1,0),(626,'2010-08-22','125.00','nafta',1,1,18,1,0),(628,'2010-08-22','139.00','pantalon eric',1,1,19,1,0),(629,'2010-08-22','180.00','multas',1,1,18,8,0),(630,'2010-08-23','15.00','devolucion wilson',2,1,14,4,0),(631,'2010-08-23','10.00','cumpleaños oficina',1,1,19,4,0),(632,'2010-08-24','5.50','coffee mate',1,1,16,4,0),(633,'2010-08-25','1.25','lunes utn',1,2,21,3,0),(634,'2010-08-25','1.25','viernes utn',1,2,21,3,0),(635,'2010-08-25','15.00','pollo',1,2,16,3,0),(636,'2010-08-27','3.75','miercoles y jueves utn',1,2,21,3,0),(637,'2010-08-28','2.00','gaseosa oficina',1,1,24,4,0),(638,'2010-08-28','11.00','pizza',1,1,19,4,0),(639,'2010-08-28','190.00','expensas agosto',1,1,13,8,0),(640,'2010-08-28','33.54','reintegro',2,1,14,1,0),(641,'2010-08-28','238.16','tarjeta mas',1,1,26,1,0),(642,'2010-08-28','12.50','nafta',2,1,18,1,0),(643,'2010-08-28','129.96','',1,1,14,1,0),(644,'2010-08-28','253.52','compra descuento galletitas',1,1,14,1,0),(645,'2010-08-28','25.00','entradas cine',1,1,17,1,0),(646,'2010-08-28','23.40','mantenimiento banco',1,1,19,1,0),(647,'2010-08-28','4.91','iva banco',1,1,16,1,0),(648,'2010-08-28','19.00','fiambre',1,2,16,3,0),(649,'2010-08-28','4.50','pan',1,2,16,3,0),(650,'2010-08-28','1.25','viernes utn',1,2,21,3,0),(651,'2010-08-31','101.00','nafta',1,1,18,1,0),(652,'2010-08-31','125.00','patente anual con descuento',1,1,18,8,0),(653,'2010-08-31','70.00','tapa WB y difusor',1,1,19,8,0),(654,'2010-08-31','1.80','pan',1,1,24,4,0),(655,'2010-08-31','1.25','utn lunes',1,2,21,3,0),(656,'2010-08-31','12.00','agua',1,2,16,3,0),(657,'2010-08-31','83.00','devolucion flia ursino',2,1,14,4,0),(658,'2010-08-31','0.50','misa domingo',1,2,19,3,0),(659,'2010-09-01','4.30','alfajor y manzana',1,1,24,4,0),(660,'2010-09-01','1519.00','clases webmaster',2,2,23,3,0),(661,'2010-09-01','219.00','monotributo sep',1,2,22,3,0),(662,'2010-09-03','6.25','utn miers/ju y vie plaza',1,2,21,3,0),(663,'2010-09-03','60.00','libro portugues',1,2,19,3,0),(664,'2010-09-03','6.80','milanesas de soja',1,1,16,4,0),(665,'2010-09-03','1.30','lechuga',1,1,16,3,0),(666,'2010-09-04','1.25','utn viernes',1,2,21,3,0),(669,'2010-09-04','1100.00','septiembre',1,2,13,3,0),(670,'2010-09-04','20.70','celofan, lapicera y resaltador',1,1,29,4,0),(671,'2010-09-04','40.00','merienda + propina',1,1,17,4,0),(672,'2010-09-06','0.50','misa',1,2,19,3,0),(673,'2010-09-06','1000.00','sueldo',2,1,23,8,0),(674,'2010-09-06','201.00','expensas',1,1,13,8,0),(675,'2010-09-06','4000.00','sueldo',2,1,23,1,0),(676,'2010-09-06','128.45','Claro',1,1,30,1,0),(677,'2010-09-06','50.46','OSDE',1,1,31,1,0),(678,'2010-09-06','44.90','CMR Falabella',1,1,26,1,0),(679,'2010-09-06','40.21','ABL',1,1,12,1,0),(680,'2010-09-06','25.99','reintegro',2,1,14,1,0),(681,'2010-09-06','10.10','nafta',2,1,18,1,0),(682,'2010-09-06','125.00','nafta',1,1,18,1,0),(683,'2010-09-06','56.05','devolucion IVA',2,1,32,1,0),(684,'2010-09-07','7.15','utn lunes + martes dientes +subte',1,2,21,3,0),(685,'2010-09-08','10.00','empanadas',1,1,24,4,0),(686,'2010-09-08','2.00','manzana',1,1,24,4,0),(687,'2010-09-08','105.88','',1,1,14,1,0),(688,'2010-09-09','350.00','cochera',1,1,18,8,0),(689,'2010-09-10','24.00','2 bidones de agua',1,2,16,8,0),(690,'2010-09-10','3.75','miercoles y jueves utn',1,2,21,3,0),(691,'2010-09-11','1.25','utn viernes',1,2,21,3,0),(692,'2010-09-11','10.50','viernes eric',1,2,24,4,0),(693,'2010-09-13','700.00','utn + la canastita',2,2,23,3,0),(694,'2010-09-13','493.00','visa sep',1,2,26,3,0),(695,'2010-09-13','37.30','pollo y huevos',1,2,16,3,0),(696,'2010-09-13','60.00','portugues',1,2,19,3,0),(697,'2010-09-14','3.50','lechuga y tomate',1,1,16,4,0),(698,'2010-09-14','3.50','empanada',1,1,24,4,0),(699,'2010-09-14','1.25','utn lunes',1,2,21,3,0),(700,'2010-09-15','146.36','',1,1,14,1,0),(701,'2010-09-15','6.80','milanesas de soja',1,1,16,4,0),(702,'2010-09-15','6.00','adaptador enchufe',1,1,33,4,0),(703,'2010-09-17','6.25','mier, jueves utn y plaza',1,2,21,3,0),(704,'2010-09-20','12.00','',1,1,24,4,0),(705,'2010-09-21','1.25','viernes utn',1,2,21,3,0),(706,'2010-09-21','3.45','tomates',1,2,16,3,0),(707,'2010-09-21','3.75','utn y puerta lunes',1,2,21,3,0),(708,'2010-09-22','17.00','',1,1,24,4,0),(709,'2010-09-22','11.00','cafe p/ofi',1,1,16,4,0),(710,'2010-09-22','0.02','intereses\n',2,1,32,1,0),(711,'2010-09-22','887.65','visa rio',1,1,26,1,0),(712,'2010-09-22','12.50','nafta',2,1,18,1,0),(713,'2010-09-22','120.27','nafta',1,1,18,1,0),(714,'2010-09-22','21.18','reintegro',2,1,14,1,0),(715,'2010-09-22','12.03','nafta',2,1,18,1,0),(717,'2010-09-22','96.22','',1,1,14,1,0),(718,'2010-09-22','95.00','nafta',1,1,18,1,0),(719,'2010-09-22','29.27','reintegro',2,1,14,1,0),(720,'2010-09-22','31.00','',1,1,24,1,0),(721,'2010-09-23','24.00','2 bidones de agua',1,2,16,3,0),(722,'2010-09-23','3.75','miercoles puerta y utn',1,2,21,3,0),(723,'2010-09-23','2.35','utn jueves',1,2,21,3,0),(724,'2010-09-23','3.50','alfajor utn',1,2,16,3,0),(725,'2010-09-24','33.30','pollo',1,2,16,3,0),(726,'2010-09-24','7.40','pan rayado',1,2,16,3,0),(727,'2010-09-25','12.00','tiramisu',1,1,24,4,0),(728,'2010-09-25','6.00','facturas desayuno',1,1,19,4,0),(729,'2010-09-25','40.00','lavado',1,1,18,8,0),(730,'2010-09-27','7.50','viatico puerta y utn vier lunes y plaza',1,2,21,3,0),(731,'2010-09-27','2.55','tomates',1,2,16,3,0),(732,'2010-09-28','2.00','manzana',1,1,24,4,0),(733,'2010-09-28','28.00','pollo',1,2,16,8,0),(734,'2010-09-28','9.50','nafta',2,1,18,1,0),(735,'2010-09-28','169.05','',1,1,14,1,0),(736,'2010-09-28','137.01','nafta',1,1,18,1,0),(737,'2010-09-28','6.20','nafta',2,1,18,1,0),(738,'2010-09-28','6.08','tarjeta mas',1,1,26,1,0),(739,'2010-09-28','34.20','pilas',2,1,19,4,0),(740,'2010-09-28','17.50','rabas',1,1,24,8,0),(741,'2010-09-29','12.00','',1,1,24,4,0),(742,'2010-09-29','4.80','viatico mircoles pu /utn /h.i',1,2,21,3,0),(743,'2010-09-30','129.22','claro',1,1,30,1,0),(744,'2010-09-30','60.00','contraseña vilaro',2,1,34,4,0),(745,'2010-09-30','2.50','jueves utn',1,2,21,3,0),(746,'2010-09-30','2.50','caramelos',1,2,15,3,0),(747,'2010-10-01','925.00','utn cheques',2,2,23,3,0),(748,'2010-10-01','700.00','vilaro + La Canastita',2,2,23,3,0),(749,'2010-10-01','219.00','octubre',1,2,22,3,0),(750,'2010-10-01','20.00','ñoquis',1,2,16,8,0),(751,'2010-10-01','12.00','agua',1,2,16,8,0),(752,'2010-10-01','1.20','lechuga',1,2,16,3,0),(753,'2010-10-02','700.00','alq. oct parte 1',1,2,13,3,0),(754,'2010-10-02','400.00','parte 2',1,2,13,1,0),(755,'2010-10-02','69.87','',1,1,14,1,0),(756,'2010-10-02','261.85','',1,1,14,1,0),(757,'2010-10-02','62.14','Edesur',1,1,12,1,0),(758,'2010-10-02','20.64','Aysa',1,1,12,1,0),(759,'2010-10-02','33.81','reintegro',2,1,14,1,0),(760,'2010-10-02','23.40','mantenimiento',1,1,32,1,0),(761,'2010-10-02','4.91','iva tasa general',1,1,32,1,0),(762,'2010-10-02','13.70','nafta',2,1,18,1,0),(763,'2010-10-04','118.00','nafta',1,1,18,1,0),(764,'2010-10-04','16.35','pizzas',1,1,16,4,0),(765,'2010-10-04','11.00','empanadas y manzana',1,1,24,4,0),(766,'2010-10-04','209.00','expensas',1,1,13,8,0),(767,'2010-10-05','4000.00','',2,1,23,1,0),(768,'2010-10-05','60.00','portugues',1,2,19,3,0),(769,'2010-10-06','31.00','',1,1,24,1,0),(770,'2010-10-06','1000.00','',2,1,23,8,0),(771,'2010-10-06','83.38','',1,1,14,1,0),(772,'2010-10-06','13.40','lunes, martes y miercoles',1,2,21,3,0),(773,'2010-10-07','2.40','pan y mayonesa',1,1,24,4,0),(774,'2010-10-08','20.00','cumpleaños oficina',1,1,19,4,0),(775,'2010-10-08','6.00','tomate y lechuga',1,2,16,3,0),(776,'2010-10-08','2.50','utn',1,2,21,3,0),(777,'2010-10-08','400.00','La Canastita',2,2,23,3,0),(778,'2010-10-09','3.75','utn viernes',1,2,21,3,0),(779,'2010-10-11','25.52','reintegro iva',2,1,32,1,0),(780,'2010-10-11','79.00','mouse',1,1,19,1,0),(781,'2010-10-11','13.97','reintegro',2,1,14,1,0),(782,'2010-10-11','11.80','nafta',2,1,18,1,0),(783,'2010-10-11','0.43','intereses',2,1,32,1,0),(785,'2010-10-11','200.09','',1,1,14,1,0),(786,'2010-10-11','44.74','CMR Falabella',1,1,26,1,0),(787,'2010-10-11','77.76','OSDE',1,1,31,1,0),(788,'2010-10-11','26.49','Metrogas',1,1,12,1,0),(789,'2010-10-11','120.00','nafta',1,1,18,1,0),(790,'2010-10-11','21.00','devolucion marila',2,1,14,4,0),(791,'2010-10-11','1.50','misa',1,1,19,3,0),(792,'2010-10-11','6.80','pizza',1,1,16,3,0),(793,'2010-10-11','22.00','helado',1,1,19,4,0),(794,'2010-10-12','18.00','salida helados',1,2,19,3,0),(795,'2010-10-12','12.00','agua',1,2,16,3,0),(796,'2010-10-13','3.75','miercoles',1,2,21,3,0),(797,'2010-10-13','43.30','fotocopias',1,2,19,3,0),(798,'2010-10-16','6.25','viatico jueves / vier',1,2,21,3,0),(799,'2010-10-19','26.00','',1,1,24,4,0),(800,'2010-10-20','999.04','visa rio',1,1,26,1,0),(801,'2010-10-20','7.90','nafta',2,1,18,1,0),(802,'2010-10-20','6.20','nafta',2,1,18,1,0),(803,'2010-10-20','16.68','reintegro',2,1,14,1,0),(804,'2010-10-20','115.23','',1,1,14,1,0),(805,'2010-10-20','12.00','nafta',2,1,18,1,0),(806,'2010-10-20','77.93','',1,1,14,1,0),(807,'2010-10-20','115.00','nafta',1,1,18,1,0),(808,'2010-10-20','31.80','actron y ibu',1,1,28,1,0),(809,'2010-10-20','23.05','reintegro',2,1,14,1,0),(810,'2010-10-20','7.50','milanesas de soja',1,1,16,4,0),(811,'2010-10-21','16.00','',1,1,24,4,0),(812,'2010-10-21','7.50','jueves utn',1,2,24,3,0),(813,'2010-10-21','15.00','celular',1,2,19,3,0),(814,'2010-10-21','12.50','lu /ma/mi/ju',1,2,21,3,0),(817,'2010-10-21','221.00','la canastita',2,2,23,3,0),(816,'2010-10-21','1027.60','visa octubre',1,2,26,3,0),(818,'2010-10-23','60.00','dvds',1,1,19,8,0),(819,'2010-10-23','350.00','cochera atrasada',1,1,18,8,0),(820,'2010-10-24','12.55','leches',1,1,16,8,0),(821,'2010-10-24','2.50','tomates',1,1,16,4,0),(822,'2010-10-24','4.75','pan hamb',1,1,16,4,0),(823,'2010-10-24','0.50','propina',1,1,18,4,0),(824,'2010-10-24','84.00','sandwiches',1,1,24,3,0),(825,'2010-10-25','7.00','helado',1,1,24,4,0),(826,'2010-10-26','5.00','vier/lunes',1,2,21,3,0),(827,'2010-10-26','5.00','dif regalo',1,2,19,3,0),(828,'2010-10-26','6.00','helado',1,1,24,4,0),(829,'2010-10-26','3.55','martes',1,2,21,3,0),(830,'2010-10-28','5.90','jueves',1,2,21,3,0),(831,'2010-10-28','24.00','agua x2',1,2,16,3,0),(832,'2010-10-28','5.20','pan y manzanas',1,1,16,4,0),(833,'2010-10-30','3.75','viatico viernes',1,2,21,3,0),(834,'2010-10-30','3.90','pan hamb',1,1,16,4,0),(835,'2010-10-30','6.00','espatulas',1,1,19,8,0),(836,'2010-10-30','6.80','prepizza',1,1,19,8,0),(837,'2010-10-30','15.00','ñoquis',1,1,19,4,0),(838,'2010-11-02','5.00','lunes y martes',1,2,21,3,0),(839,'2010-10-31','44.90','pan cumpleaños',1,1,17,4,0),(840,'2010-11-02','16.00','empanadas y tarta',1,1,24,4,0),(841,'2010-11-02','5.00','huevos',1,1,16,4,0),(842,'2010-10-20','15.59','reintegro',2,1,14,1,0),(843,'2010-10-20','11.50','nafta',2,1,18,1,0),(844,'2010-10-25','117.00','nafta',1,1,18,1,0),(845,'2010-10-28','23.40','comision mantenimiento',1,1,32,1,0),(846,'2010-10-28','4.91','iva tasa general',1,1,32,1,0),(847,'2010-10-28','11.70','nafta',2,1,18,1,0),(848,'2010-10-29','338.85','incluye cosas cumple eric',1,1,14,1,0),(849,'2010-10-31','133.22','nafta',1,1,18,1,0),(850,'2010-11-02','128.45','Claro',1,1,30,1,0),(851,'2010-11-02','77.76','OSDE',1,1,31,1,0),(852,'2010-11-02','40.21','ABL',1,1,12,1,0),(853,'2010-11-02','44.59','CMR Falabella',1,1,26,1,0),(854,'2010-11-03','36.00','regalo bautismo',1,1,19,8,0),(855,'2010-11-03','1.00','vuelto de regalo bautismo',2,1,19,4,0),(856,'2010-11-03','7.00','tarta',1,1,24,4,0),(857,'2010-11-04','100.00','septiembre',1,2,13,8,0),(858,'2010-11-04','1000.00','alquiler septiembre',1,2,16,3,0),(859,'2010-11-04','6.25','miercoles /jueves',1,2,21,3,0),(860,'2010-11-04','1000.00','clases',2,2,23,3,0),(861,'2010-11-04','27.00','',1,1,24,4,0),(863,'2010-11-04','19.00','exp. extraor sept',2,2,13,3,0),(864,'2010-11-05','12.00','agua',1,2,16,8,0),(865,'2010-11-05','26.00','carne',1,2,16,8,0),(866,'2010-11-05','10.00','fiambre',1,2,16,8,0),(867,'2010-11-05','42.00','lavado',1,1,18,4,0),(868,'2010-11-07','2.00','misa',1,1,19,3,0),(869,'2010-11-07','39.25','medic eric',1,1,28,8,0),(870,'2010-11-07','35.00','doctora a domicilio',1,1,19,8,0),(871,'2010-11-07','17.13','medic eric',1,1,28,1,0),(872,'2010-11-07','217.00','expensas',1,1,13,8,0),(873,'2010-11-09','50.00','regalo nicolas',1,1,19,8,0),(874,'2010-11-12','1000.00','',2,1,23,8,0),(875,'2010-11-12','90.00','estacionamiento',1,1,17,8,0),(876,'2010-11-12','10.00','regalo oficina',1,1,19,8,0),(877,'2010-11-12','29.00','',1,1,24,4,0),(878,'2010-11-12','50.00','medico fla',1,2,31,8,0),(879,'2010-11-12','350.00','cohera',1,2,18,8,0),(880,'2010-11-12','4000.00','',2,2,23,1,0),(881,'2010-11-12','3.00','nafta',2,2,18,1,0),(882,'2010-11-12','50.31','reint iva',2,2,32,1,0),(883,'2010-11-12','128.66','nafta',1,2,18,1,0),(884,'2010-11-12','1766.61','visa rio',1,2,26,1,0),(885,'2010-11-12','0.43','intereses',2,2,32,1,0),(886,'2010-11-12','13.25','ibupirac',1,2,28,1,0),(887,'2010-11-12','50.00','tintoreria',1,2,19,3,0),(888,'2010-11-12','8.50','tarta - pebete',1,2,24,4,0),(889,'2010-11-12','0.90','dif. arqueo',1,2,19,4,0),(890,'2010-11-14','300.00','La canastita',2,2,23,3,0),(891,'2010-11-14','86.00','javier gym',2,2,23,3,0),(892,'2010-11-14','7.50','viernes y lunes 8',1,2,21,3,0),(893,'2010-11-15','0.80','fotocopias',1,2,19,3,0),(894,'2010-11-15','1.25','lunes',1,2,21,3,0),(895,'2010-11-17','13.55','avicar 9-11',1,2,16,8,0),(896,'2010-11-17','15.85','avicar 11-11',1,2,16,8,0),(897,'2010-11-17','4.00','soluc. fisiolog.',1,2,28,8,0),(898,'2010-11-17','17.00','sales flavia',1,2,28,8,0),(899,'2010-11-17','9.60','bismuto',1,2,28,8,0),(900,'2010-11-17','659.00','clases',2,2,23,3,0),(901,'2010-11-17','949.00','nov',1,2,26,3,0),(902,'2010-11-17','2.50','examen martes',1,1,21,3,0),(903,'2010-11-17','7.50','milanesa de soja',1,1,16,8,0),(904,'2010-11-17','90.00','transfer eric',1,1,19,8,0),(910,'2010-11-17','90.00','transferencia',2,1,19,4,0),(906,'2010-11-17','4.20','peaje cambio bermudas',1,1,17,4,0),(907,'2010-11-17','4.70','pan',1,1,16,4,0),(908,'2010-11-17','15.00','ensalada',1,1,24,4,0),(909,'2010-11-17','3.50','manzana y tomate',1,1,24,4,0),(911,'2010-11-19','9.00','empanadas',1,1,24,4,0),(912,'2010-11-22','2.50','examen jueves',1,2,21,3,0),(913,'2010-11-22','10.00','medialunas',1,2,19,3,0),(914,'2010-11-22','6.00','pizza',1,2,16,3,0),(915,'2010-11-22','10.00','helado eric lunes',1,2,17,8,0),(916,'2010-11-22','2.00','peaje',1,2,19,3,0),(917,'2010-11-23','2.50','utn martes',1,2,21,3,0),(918,'2010-11-23','2.50','utn martes',1,2,21,3,0),(919,'2010-11-23','2.00','tintoreria',1,2,19,3,0),(920,'2010-11-24','61.04','nafta',1,1,18,1,0),(921,'2010-11-24','67.77','reintegro',2,1,14,1,0),(922,'2010-11-24','238.94','',1,1,14,1,0),(923,'2010-11-24','32.00','burger',1,1,24,1,0),(924,'2010-11-24','78.00','nafta',1,1,18,1,0),(925,'2010-11-25','17.00','',1,1,24,4,0),(926,'2010-11-25','50.00','',2,1,19,4,0),(927,'2010-11-25','50.00','transferencia',1,1,19,8,0),(928,'2010-11-26','6.25','miercoles y jueves',1,2,21,3,0),(929,'2010-11-26','11.50','taxi viernes',1,2,21,3,0),(931,'2010-11-26','1.10','viernes colegio utn',1,2,21,3,0),(932,'2010-11-27','4.90','pan panchos',1,1,16,4,0),(933,'2010-11-27','50.00','base notebook',1,1,19,8,0),(934,'2010-11-28','16.00','entrada jardin japones',1,2,17,3,0),(935,'2010-11-28','200.00','la canastita',2,2,23,3,0),(936,'2010-11-28','150.00','cargador notebook',1,2,19,3,0),(937,'2010-11-28','12.00','estacionaminto sabado',1,2,17,4,0),(938,'2010-11-29','13.00','ensalada',1,1,24,4,0),(939,'2010-11-29','98.00','1 mes',1,1,35,4,0),(940,'2010-11-30','2.00','fruta',1,1,24,4,0),(941,'2010-12-01','160.00','la canastita',2,2,23,3,0),(942,'2010-12-01','160.00','depiladora usa',1,2,19,3,0),(943,'2010-12-01','11.25','vi, lu, ma y mier',1,2,21,3,0),(944,'2010-12-01','24.00','jarabe flavia',1,2,28,3,0),(945,'2010-12-02','34.50','milanesa, pure y postre',1,1,24,4,0),(946,'2010-12-02','2.00','fruta',1,1,24,4,0),(947,'2010-12-02','36.00','agua x 3',1,2,16,8,0),(948,'2010-12-02','36.00','carne avicar',1,2,16,8,0),(949,'2010-12-02','800.00','clases',2,2,23,3,0),(950,'2010-12-02','144.00','parte1',1,2,13,8,0),(951,'2010-12-02','800.00','parte2',1,2,13,3,0),(952,'2010-12-02','2.50','jueves utn',1,2,21,3,0),(953,'2010-12-02','219.00','la canastita',2,2,23,3,0),(954,'2010-12-02','219.00','diciembre',1,2,22,3,0),(955,'2010-12-03','6.00','huevos',1,1,16,4,0),(956,'2010-12-03','7.50','milanesas de sija',1,1,16,4,0),(957,'2010-12-03','42.00','lavado auto',1,1,18,4,0),(966,'2010-12-03','47.79','reintegro',2,1,14,1,0),(959,'2010-12-03','1000.00','',2,1,23,8,0),(960,'2010-12-03','4000.00','',2,1,23,1,0),(961,'2010-12-03','23.40','mantenimiento',1,1,32,1,0),(962,'2010-12-03','4.91','iva mantenimiento',1,1,32,1,0),(963,'2010-12-03','27.93','reintegro',2,1,14,1,0),(964,'2010-12-03','116.03','nafta',1,1,18,1,0),(965,'2010-12-03','139.65','',1,1,14,1,0),(967,'2010-12-03','3.75','viernes plaza y utn',1,2,21,3,0),(968,'2010-12-03','150.00','utn almina',2,2,23,3,0),(969,'2010-12-04','35.00','pesebre',1,1,19,8,0),(970,'2010-12-04','29.90','pollo',1,1,16,8,0),(971,'2010-12-04','22.00','tintoreria eric',1,1,19,8,0),(972,'2010-12-04','11.15','rebosador y lechuga',1,1,16,8,0),(973,'2010-12-04','380.00','cochera',1,1,18,8,0),(974,'2010-12-04','130.00','zapatillas',1,1,19,1,0),(975,'2010-12-04','99.25','',1,1,14,1,0),(976,'2010-12-04','68.00','',1,1,19,1,0),(977,'2010-12-04','18.18','reintegro iva',2,1,32,1,0),(978,'2010-12-04','0.50','propina nafta',1,1,18,4,0),(979,'2010-12-04','128.61','Claro',1,1,30,1,0),(980,'2010-12-04','20.64','AySA',1,1,12,1,0),(981,'2010-12-04','38.90','Edesur',1,1,12,1,0),(982,'2010-12-04','19.09','Metrogas',1,1,12,1,0),(983,'2010-12-04','77.76','OSDE',1,1,31,1,0),(984,'2010-12-04','44.43','CMR Falabella',1,1,26,1,0),(985,'2010-12-04','12.00','estacionamiento recoleta',1,1,17,4,0),(986,'2010-12-04','10.00','esencias',1,1,19,4,0),(987,'2010-12-04','6.80','pizza',1,1,16,4,0),(988,'2010-12-04','11.25','jamon y fanta',1,1,16,4,0),(989,'2010-12-06','31.60','',1,1,24,4,0),(990,'2010-12-07','7.70','',1,1,24,4,0),(991,'2010-12-08','13.10','tomate, fruta y pan',1,1,16,4,0),(992,'2010-12-08','5.25','lunes y martes dientes',1,2,21,3,0),(993,'2010-12-08','10.00','facturas',1,2,16,3,0),(994,'2010-12-09','16.00','',1,1,24,4,0),(995,'2010-12-11','4.50','regalo',1,1,19,4,0),(996,'2010-12-15','29.00','',1,1,24,4,0),(997,'2010-12-15','10.00','mi a viere utn',1,2,21,3,0),(998,'2010-12-15','10.00','lu a mi',1,2,21,3,0),(999,'2010-12-16','1.50','manzana',1,1,24,4,0),(1000,'2010-12-16','7.00','tornillos',1,1,33,8,0),(1002,'2010-12-17','20.00','dif. mal cargada',2,2,23,3,0),(1003,'2010-12-17','4.80','colegio',1,2,21,3,0),(1004,'2010-12-17','13.00','dif',2,2,23,3,0),(1005,'2010-12-17','20.00','ensalada y coca',1,1,24,4,0),(1006,'2010-12-17','44.80','materiales correa',1,1,16,8,0),(1007,'2010-12-18','12.00','agua',1,2,16,3,0),(1008,'2010-12-18','783.00','clases ',2,2,23,3,0),(1009,'2010-12-18','783.00','diciembre',1,2,26,3,0),(1010,'2010-12-18','25.00','peluqueria',1,1,19,4,0),(1011,'2010-12-19','1.25','viernes',1,2,21,3,0),(1012,'2010-12-19','21.65','fiambre',1,2,17,3,0),(1014,'2010-12-19','15.00','tarj. personal',1,2,19,3,0),(1015,'2010-12-21','12.00','tarta y coca',1,1,24,4,0),(1016,'2010-12-21','0.50','propina',1,1,18,4,0),(1017,'2010-12-21','3.75','lunes',1,2,21,3,0),(1018,'2010-12-22','22.00','',1,1,24,4,0),(1021,'2010-12-22','30.00','extraccion',2,1,19,4,0),(1020,'2010-12-22','30.00','extraccion',1,1,19,1,0),(1022,'2010-12-26','5.00','rebosador marila',2,1,14,4,0),(1023,'2010-12-26','14.00','agua marila',2,1,14,4,0),(1024,'2010-12-26','2.00','papel regalo',1,1,19,4,0),(1025,'2010-12-26','9.75','tombola',2,1,19,4,0),(1026,'2010-12-26','117.88','nafta',1,1,18,1,0),(1027,'2010-12-26','0.59','intereses',2,1,32,1,0),(1028,'2010-12-26','120.30','',1,1,14,1,0),(1029,'2010-12-26','19.85','reintegro',2,1,14,1,0),(1030,'2010-12-26','45.00','regalo silvana',1,1,19,1,0),(1031,'2010-12-26','70.48','',1,1,14,1,0),(1032,'2010-12-26','135.04','nafta',1,1,18,1,0),(1033,'2010-12-26','915.81','visa rio',1,1,26,1,0),(1034,'2010-12-26','12.00','mac',1,1,24,1,0),(1035,'2010-12-26','163.89','',1,1,14,1,0),(1036,'2010-12-26','58.25','san miguel',1,1,17,1,0),(1037,'2010-12-26','110.88','nafta',1,1,18,1,0),(1038,'2010-12-26','31.00','burger',1,1,24,1,0),(1039,'2010-12-26','2000.00','aguinaldo',2,1,23,1,0),(1040,'2010-12-26','32.78','reintegro',2,1,14,1,0),(1041,'2010-12-26','81.46','',1,1,14,1,0),(1042,'2010-12-26','117.00','nafta',1,1,18,1,0),(1043,'2010-12-26','12.50','almuerzo miercoles',1,2,24,3,0),(1044,'2010-12-26','25.00','torta',1,2,17,3,0),(1045,'2010-12-26','2.50','miercoles y viernes',1,2,21,3,0),(1046,'2010-12-27','16.00','',1,1,24,4,0),(1047,'2010-12-27','15.00','personal',1,2,19,3,0),(1058,'2010-12-29','10.00','verduleria',1,1,16,4,0),(1049,'2010-12-29','13.00','agua',1,2,16,3,0),(1050,'2010-12-29','6.00','breteles',1,2,19,3,0),(1051,'2010-12-29','150.00','transfer',1,1,19,1,0),(1052,'2010-12-29','21.30','carne',1,2,16,3,0),(1053,'2010-12-29','150.00','transfer',2,1,19,4,0),(1054,'2010-12-29','25.00','club',1,1,17,4,0),(1055,'2010-12-29','31.90','fotos',1,1,19,4,0),(1056,'2010-12-29','5.00','lunes y miercoles',1,2,21,3,0),(1057,'2010-12-29','33.00','',1,1,24,1,0),(1059,'2010-12-29','137.53','',1,1,14,1,0),(1060,'2010-12-29','17.10','chino',1,1,16,4,0),(1061,'2010-12-29','243.00','expensas',1,1,13,8,0),(1062,'2010-12-29','24.06','reintegro',2,1,14,1,0),(1064,'2010-12-29','90.61','',1,1,28,1,0),(1065,'2010-12-29','31.90','pollo',1,1,16,8,0),(1067,'2010-12-30','100.00','vilaro',2,2,23,3,0),(1068,'2010-12-31','2.00','leche en polvo oficina',1,1,16,4,0),(1069,'2010-12-31','2.00','fruta',1,1,16,4,0),(1070,'2010-12-31','25.00','torta de ricota c/ dulce de leche',1,1,16,4,0),(1071,'2010-12-31','20.00','ñoquis',1,2,16,3,0),(1072,'2010-12-31','26.00','regalo Nora',1,2,19,4,0),(1073,'2011-01-02','14.75','tombola',2,1,19,8,0),(1074,'2011-01-02','1000.00','',2,1,23,8,0),(1075,'2011-01-02','45.00','pileta',1,1,17,8,0),(1076,'2011-01-02','50.00','nafta',1,1,18,4,0),(1077,'2011-01-02','6.00','coca club',1,1,15,4,0),(1078,'2011-01-02','4000.00','',2,1,23,1,0),(1079,'2011-01-02','16.08','abl mensual',1,1,12,1,0),(1080,'2011-01-02','195.40','abl anual',1,1,12,1,0),(1081,'2011-01-02','129.23','claro',1,1,30,1,0),(1082,'2011-01-02','44.27','cmr falabella',1,1,26,1,0),(1083,'2011-01-02','77.76','osde',1,1,31,1,0),(1084,'2011-01-02','23.40','cuenta rio',1,1,32,1,0),(1085,'2011-01-02','4.91','iva banco',1,1,32,1,0),(1087,'2011-01-03','1321.00','clases utn',2,2,23,3,0),(1088,'2011-01-03','219.00','enero',1,2,22,3,0),(1089,'2011-01-03','1077.00','enero',1,2,13,3,0),(1090,'2011-01-03','14.00','desayuno',1,1,19,4,0),(1091,'2011-01-03','12.00','',1,1,24,4,0),(1092,'2011-01-03','4.00','vivere',2,1,14,4,0),(1093,'2011-01-03','30.00','carne y bidon',1,2,16,3,0),(1094,'2011-01-03','1.25','viaje lunes',1,2,21,3,0),(1095,'2011-01-04','18.00','',1,1,24,4,0),(1096,'2011-01-04','161.73','tarjeta mas',1,1,26,1,0),(1097,'2011-01-04','47.03','devolucion iva',2,1,32,1,0),(1099,'2011-01-05','90.00','plaza',2,2,23,3,0),(1100,'2011-01-05','2.50','plaza',1,2,21,3,0),(1101,'2011-01-05','15.00','',1,1,24,4,0),(1102,'2011-01-05','154.58','',1,1,14,1,0),(1103,'2011-01-06','8.00','galle y lechuga',1,2,16,3,0),(1104,'2011-01-06','1.25','miercoles',1,2,21,3,0),(1105,'2011-01-07','40.00','peluqueria',1,2,19,3,0),(1106,'2011-01-07','14.35','jamon',1,2,16,4,0),(1107,'2011-01-07','12.50','agua',1,2,16,4,0),(1109,'2011-01-07','30.00','nafta',1,1,18,1,0),(1110,'2011-01-07','9.00','',1,1,24,4,0),(1111,'2011-01-08','7.25','fruta',1,2,16,3,0),(1112,'2011-01-08','1.25','viaernes',1,2,21,3,0),(1113,'2011-01-09','22.50','fiambre y pan',1,2,16,3,0),(1114,'2011-01-11','17.00','',1,1,24,4,0),(1115,'2011-01-11','16.50','pollo trabajo',1,2,16,8,0),(1116,'2011-01-11','6.25','lunes y martes',1,2,21,3,0),(1117,'2011-01-11','380.00','alqu. cochera',1,2,18,8,0),(1118,'2011-01-11','268.00','exp. enero',1,2,13,8,0),(1137,'2011-01-18','439.29','clases utn',2,1,23,3,0),(1121,'2011-01-11','508.20','',1,2,26,3,0),(1122,'2011-01-12','130.75','marila 70% perf',2,1,14,8,0),(1123,'2011-01-12','20.50','nerina perf 70%',2,1,14,8,0),(1125,'2011-01-12','103.30','sil 70 % perf',2,1,14,8,0),(1126,'2011-01-13','20.00','Edith',1,2,19,4,0),(1127,'2011-01-13','28.00','editn',1,2,19,3,0),(1128,'2011-01-13','4.75','lechuga y banana',1,1,16,4,0),(1130,'2011-01-13','6.00','huevos',1,1,16,4,0),(1131,'2011-01-16','110.00','megaupload walter',2,1,19,4,0),(1132,'2011-01-16','12.00','galletitas marila',2,1,14,4,0),(1133,'2011-01-17','2.50','miecoles y viernes',1,2,21,3,0),(1134,'2011-01-17','2.00','manzana y tomate',1,1,24,4,0),(1135,'2011-01-17','12.50','agua',1,1,16,8,0),(1136,'2011-01-18','1.25','lunes',1,2,21,3,0),(1138,'2011-01-18','18.00','',1,1,19,1,0),(1139,'2011-01-19','1.03','intereses',2,1,32,1,0),(1140,'2011-01-19','50.00','nafta',1,1,18,1,0),(1141,'2011-01-19','639.14','higiene personal',1,1,14,1,0),(1142,'2011-01-19','107.10','nafta',1,1,18,1,0),(1143,'2011-01-19','1207.31','visa rio',1,1,26,1,0),(1144,'2011-01-19','30.92','reintegro',2,1,14,1,0),(1145,'2011-01-19','17.00','starbucks',1,1,19,1,0),(1146,'2011-01-19','10.70','nafta',2,1,18,1,0),(1147,'2011-01-19','169.37','',1,1,14,1,0),(1148,'2011-01-19','40.00','nafta',1,1,18,1,0),(1149,'2011-01-19','3.40','reintegro',2,1,14,1,0),(1150,'2011-01-19','70.00','pintureria giannoni',2,1,34,1,0),(1151,'2011-01-19','27.51','reingegro',2,1,14,1,0),(1153,'2011-01-19','2.35','miercoles',1,1,21,3,0),(1154,'2011-01-20','16.00','',1,1,24,4,0),(1155,'2011-01-20','30.00','carne',1,2,16,8,0),(1156,'2011-01-20','35.00','carne',1,2,16,3,0),(1158,'2011-01-20','80.00','plaza',2,2,23,3,0),(1159,'2011-01-20','58.00','Regalo Wilson',1,2,19,3,0),(1160,'2011-01-24','14.00','papas y coca flavia',1,1,17,4,0),(1161,'2011-01-24','7.50','loteria',1,1,19,8,0),(1162,'2011-01-24','33.87','reintegro',2,1,14,1,0),(1163,'2011-01-24','4.00','reintegro',2,1,14,1,0),(1164,'2011-01-24','30.05','nafta',1,1,18,1,0),(1165,'2011-01-24','197.20','',1,1,14,1,0),(1166,'2011-01-24','40.00','nafta',1,1,18,1,0),(1167,'2011-01-24','18.00','starbucks',1,1,17,1,0),(1168,'2011-01-24','106.01','nafta',1,1,18,1,0),(1169,'2011-01-26','30.00','pollo',1,2,16,8,0),(1170,'2011-01-26','12.00','agua',1,2,16,8,0),(1171,'2011-01-26','3.75','miercoles',1,2,21,3,0),(1172,'2011-01-26','90.00','clase Rita',2,2,23,3,0),(1173,'2011-01-26','1.50','manzana',1,1,24,4,0),(1174,'2011-01-28','15.50','frutas y verduras',1,2,16,3,0),(1175,'2011-01-28','3.45','jueves y viernes',1,2,21,3,0),(1176,'2011-01-31','6.00','empanadas',1,1,24,4,0),(1177,'2011-01-31','10.60','nafta',2,1,18,1,0),(1178,'2011-01-31','35.01','',1,1,14,1,0),(1179,'2011-01-31','49.00','regalo santiago',1,1,19,1,0),(1180,'2011-01-31','23.40','comision',1,1,32,1,0),(1181,'2011-01-31','4.91','iva comision',1,1,32,1,0),(1182,'2011-01-31','14.51','',1,1,14,1,0),(1183,'2011-01-31','100.02','nafta',1,1,18,1,0),(1184,'2011-01-31','33.00','estacionamiento nora',1,1,17,4,0),(1185,'2011-01-31','35.00','vidrio',1,1,19,4,0),(1186,'2011-02-01','200.00','parte 1',1,2,13,8,0),(1188,'2011-02-01','1200.00','clases\n',2,2,23,3,0),(1189,'2011-02-01','1097.00','parte2 ferbero',1,2,13,3,0),(1190,'2011-02-01','1.25','lunes',1,2,21,3,0),(1191,'2011-02-01','4.30','verdura',1,2,16,3,0),(1192,'2011-02-02','35.00','',1,1,24,1,0),(1193,'2011-02-03','10.00','auriculares',1,2,19,3,0),(1194,'2011-02-03','13.40','fruta',1,2,16,3,0),(1195,'2011-02-03','3.45','mierc / jueves',1,2,21,3,0),(1196,'2011-02-03','4000.00','',2,1,23,1,0),(1197,'2011-02-03','1000.00','',2,1,23,8,0),(1198,'2011-02-03','380.00','cochera',1,1,18,8,0),(1199,'2011-02-03','13.00','',1,1,24,4,0),(1200,'2011-02-03','214.35','',1,1,14,1,0),(1201,'2011-02-03','16.24','',1,1,14,1,0),(1202,'2011-02-03','37.58','edesur',1,1,12,1,0),(1203,'2011-02-03','20.64','aysa',1,1,12,1,0),(1204,'2011-02-03','45.32','cmr falabella',1,1,26,1,0),(1205,'2011-02-03','16.87','metrogas',1,1,12,1,0),(1206,'2011-02-03','128.45','CLARO',1,1,30,1,0),(1207,'2011-02-03','139.32','tarjeta mas',1,1,26,1,0),(1208,'2011-02-04','15.00','',1,1,24,4,0),(1209,'2011-02-04','2.35','viernes',1,2,21,3,0),(1210,'2011-02-04','33.00','regalo julia',1,2,19,3,0),(1211,'2011-02-04','12.00','agua',1,2,16,3,0),(1212,'2011-02-08','6.00','',1,1,24,4,0),(1213,'2011-02-08','7.50','milanesas de soja',1,1,16,8,0),(1214,'2011-02-08','3.75','lunes/martes',1,2,21,3,0),(1215,'2011-02-08','7.00','gaseosa eric',1,2,17,3,0),(1216,'2011-02-08','90.00','plaza',2,2,23,3,0),(1217,'2011-02-10','30.00','pollo',1,2,16,8,0),(1218,'2011-02-10','7.50','pollo',1,2,16,3,0),(1219,'2011-02-10','3.00','medialunas',1,2,19,3,0),(1220,'2011-02-10','1.25','miercoles',1,2,21,3,0),(1221,'2011-02-10','30.00','nafta',1,1,18,1,0),(1222,'2011-02-10','10.00','empanadas y fruta',1,1,24,4,0),(1223,'2011-02-10','4.40','jueves',1,2,21,3,0),(1225,'2011-02-10','915.08','clases',2,2,23,3,0),(1226,'2011-02-10','415.08','febrero',1,2,26,3,0),(1227,'2011-02-10','500.00','vest -parte1',1,2,19,3,0),(1228,'2011-02-11','18.00','costillita',1,2,16,8,0),(1229,'2011-02-11','13.00','agua',1,2,16,8,0),(1230,'2011-02-11','5.00','b. de sodio',1,2,28,8,0),(1231,'2011-02-11','1.25','viernes',1,2,21,3,0),(1232,'2011-02-11','8.00','',1,1,24,4,0),(1233,'2011-02-14','9.55','verduleria',1,2,16,3,0),(1234,'2011-02-14','7.00','gaseosa eric',1,2,17,3,0),(1235,'2011-02-14','18.00','helados',1,2,17,3,0),(1236,'2011-02-14','70.00','regalo miriana',1,1,19,1,0),(1237,'2011-02-14','54.14','reintegro iva',2,1,32,1,0),(1238,'2011-02-14','1.29','intereses',2,1,32,1,0),(1239,'2011-02-14','32.15','reintegro',2,1,14,1,0),(1240,'2011-02-14','2.44','reintegro',2,1,14,1,0),(1241,'2011-02-14','99.60','',1,1,14,1,0),(1244,'2011-02-14','39.44','reintegro',2,1,14,1,0),(1245,'2011-02-14','7.00','reintegro',2,1,14,1,0),(1246,'2011-02-14','40.05','nafta',1,1,18,1,0),(1247,'2011-02-14','145.91','nafta',1,1,18,1,0),(1248,'2011-02-14','1420.28','visa RIO',1,1,26,1,0),(1249,'2011-02-14','47.90','',1,1,19,1,0),(1250,'2011-02-14','12.00','helado',1,1,19,1,0),(1251,'2011-02-14','270.00','expensas',1,1,13,8,0),(1252,'2011-02-15','9.00','',1,1,24,4,0),(1253,'2011-02-15','2.50','lunes',1,2,21,3,0),(1254,'2011-02-16','140.58','',1,1,14,1,0),(1255,'2011-02-17','3.50','',1,1,15,4,0),(1256,'2011-02-17','6.00','',1,1,24,4,0),(1257,'2011-02-17','3.00','huevos',1,1,16,4,0),(1258,'2011-02-19','20.00','agua + costillitas',1,2,16,8,0),(1259,'2011-02-19','11.00','milanesas pollo',1,2,16,8,0),(1260,'2011-02-19','11.70','verduleria',1,2,16,3,0),(1261,'2011-02-19','2.50','miercoles/viernes',1,2,21,3,0),(1262,'2011-02-19','25.00','procesadora',2,2,14,4,0),(1263,'2011-02-19','90.00','rita',2,2,23,3,0),(1264,'2011-02-20','25.00','rabas',1,2,16,3,0),(1265,'2011-02-20','8.00','facturas',1,2,16,4,0),(1266,'2011-02-20','100.00','zapatos',1,2,19,3,0),(1267,'2011-02-20','20.00','club',1,2,19,4,0),(1268,'2011-02-22','3.75','lunes',1,2,21,3,0),(1269,'2011-02-22','8.00','costillitas',1,2,16,3,0),(1270,'2011-02-22','90.00','plaza',2,2,23,3,0),(1271,'2011-02-23','13.00','',1,1,24,4,0),(1272,'2011-02-24','11.75','carne',1,2,16,3,0),(1274,'2011-02-24','7.50','milanesa de soja',1,2,16,3,0),(1275,'2011-02-25','10.00','verduleria',1,2,16,3,0),(1276,'2011-02-25','78.00','regalo sofia y julia',1,2,19,8,0),(1277,'2011-02-25','2.50','miercoles y viernes',1,2,21,3,0),(1278,'2011-02-25','22.00','',1,1,24,4,0),(1280,'2011-02-25','100.00','zapatos flavia',2,1,19,4,0),(1281,'2011-02-25','8.00','estacionamiento laura',1,1,17,4,0),(1282,'2011-02-25','74.06','',1,1,14,1,0),(1283,'2011-02-25','62.28','shampoo eric',1,1,28,1,0),(1284,'2011-02-25','100.00','zapatos flavia',1,1,19,1,0),(1285,'2011-02-25','111.02','nafta',1,1,18,1,0),(1289,'2011-02-25','11.17','',2,1,14,1,0),(1287,'2011-02-25','44.00','',1,1,24,1,0),(1290,'2011-02-25','11.10','nafta',2,1,18,1,0),(1305,'2011-03-02','203.27','',1,1,14,1,0),(1292,'2011-02-25','23.40','mantenimiento',1,1,32,1,0),(1293,'2011-02-25','4.91','IVA',1,1,32,1,0),(1294,'2011-02-26','45.00','club',1,1,17,4,0),(1295,'2011-02-26','6.00','',1,1,15,4,0),(1296,'2011-02-28','16.00','',1,1,24,4,0),(1297,'2011-03-01','10.65','lunes y martes',1,2,21,3,0),(1298,'2011-03-01','3.50','golosinas',1,2,19,3,0),(1299,'2011-03-01','3.50','golosinas',1,2,19,3,0),(1300,'2011-03-01','90.00','plaza',2,2,23,3,0),(1301,'2011-03-01','1300.00','clases',2,2,23,3,0),(1302,'2011-03-01','90.00','rita_alumna',2,2,23,3,0),(1303,'2011-03-02','32.00','pollo',1,2,16,8,0),(1304,'2011-03-02','23.00','',1,1,24,1,0),(1306,'2011-03-02','86.50','nafta',1,1,18,1,0),(1307,'2011-03-02','4000.00','',2,1,23,1,0),(1308,'2011-03-02','158.86','',1,1,14,1,0),(1309,'2011-03-02','138.24','tarjeta MAS',1,1,26,1,0),(1310,'2011-03-02','18.90','fruta',1,2,16,3,0),(1311,'2011-03-02','1.25','miercoles',1,2,21,3,0),(1312,'2011-03-03','16.00','kanikamas',1,2,16,8,0),(1313,'2011-03-03','4.00','remolacha',1,2,16,8,0),(1314,'2011-03-03','3.00','huevos',1,1,16,8,0),(1315,'2011-03-03','11.65','lechuga, chocoarroz y queso',1,1,24,4,0),(1316,'2011-03-04','1297.00','marzo',1,2,13,3,0),(1317,'2011-03-04','2.00','durazno',1,1,24,4,0),(1318,'2011-03-04','25.00','varios',1,2,16,8,0),(1319,'2011-03-04','20.00','varios + manzana',1,2,16,8,0),(1320,'2011-03-04','13.00','agua',1,2,16,8,0),(1321,'2011-03-04','3.25','yoguar + repollo',1,2,16,8,0),(1322,'2011-03-04','26.00','carre de cerdo',1,2,16,8,0),(1323,'2011-03-04','65.00','regalo julia',1,2,19,8,0),(1324,'2011-03-05','1000.00','',2,1,23,8,0),(1325,'2011-03-05','380.00','cochera',1,1,18,8,0),(1326,'2011-03-05','28.50','estacionamiento laura',1,1,17,8,0),(1327,'2011-03-05','15.00','lamparas',1,1,18,8,0),(1328,'2011-03-07','15.00','fruta',1,2,16,3,0),(1329,'2011-03-07','270.00','expensas',1,2,13,8,0),(1330,'2011-03-08','12.00','anteojos de sol',1,1,19,3,0),(1331,'2011-03-08','2.00','medias',1,1,19,4,0),(1332,'2011-03-08','10.00','medias',1,1,19,8,0),(1333,'2011-03-08','4.00','fruta',1,1,16,4,0),(1334,'2011-03-09','4.00','aceitunas',1,1,16,8,0),(1335,'2011-03-09','170.00','extraccion',1,1,19,1,0),(1336,'2011-03-09','170.00','extraccion',2,1,19,4,0),(1337,'2011-03-09','1.95','curitas',1,1,19,4,0),(1338,'2011-03-09','14.00','',1,1,24,4,0),(1339,'2011-03-10','5.00','',1,1,24,4,0),(1340,'2011-03-10','300.00','bateria',1,1,18,1,0),(1341,'2011-03-10','110.00','verificacion',1,1,18,1,0),(1342,'2011-03-10','90.00','extraccion',1,1,19,1,0),(1343,'2011-03-10','90.00','extraccion',2,1,19,4,0),(1344,'2011-03-10','300.00','extraccion',1,1,19,1,0),(1345,'2011-03-10','300.00','extraccion',2,1,19,8,0),(1346,'2011-03-10','14.59','nafta',2,1,18,1,0),(1347,'2011-03-10','14.94','reintegro',2,1,14,1,0),(1348,'2011-03-10','0.40','balance',1,1,14,1,0),(1349,'2011-03-10','30.49','reintegro',2,1,14,1,0),(1350,'2011-03-10','43.30','devolucion iva',2,1,32,1,0),(1351,'2011-03-10','8.65','nafta',2,1,18,1,0),(1352,'2011-03-10','36.54','',1,1,14,1,0),(1361,'2011-03-10','168.50','nafta',1,1,18,1,0),(1354,'2011-03-10','49.35','carne',1,1,16,1,0),(1355,'2011-03-10','1.29','intereses',2,1,32,1,0),(1356,'2011-03-10','128.76','claro',1,1,30,1,0),(1358,'2011-03-10','40.90','osde',1,1,31,1,0),(1359,'2011-03-10','63.49','',1,1,14,1,0),(1360,'2011-03-10','48.50','carne picada + pescado + kanikamas',1,2,16,8,0),(1400,'2011-03-20','23.83','dia 10/03',2,2,14,1,0),(1401,'2011-03-20','90.00','ajuste forzado',1,2,19,1,0),(1364,'2011-03-10','35.10','diferencia',1,1,19,4,0),(1365,'2011-03-11','746.07','la canastita',2,2,23,3,0),(1366,'2011-03-11','346.07','marzo',1,2,26,3,0),(1367,'2011-03-11','8.00','',1,1,24,4,0),(1368,'2011-03-19','5.00','cindor villa elisa',1,2,16,3,0),(1369,'2011-03-19','65.00','termas concepc uruguay',1,2,17,3,0),(1370,'2011-03-19','60.00','termas san jose',1,2,17,3,0),(1371,'2011-03-19','5.00','helado san jose',1,2,17,3,0),(1372,'2011-03-19','90.00','termas villa elisa',1,2,17,4,0),(1373,'2011-03-19','400.00','sueldo marzo',2,2,23,4,0),(1374,'2011-03-19','100.00','sueldo marzo',2,2,23,8,0),(1375,'2011-03-19','12.80','5, 5 y 2.8',1,2,17,4,0),(1376,'2011-03-19','50.00','pizza villa elisa',1,2,17,4,0),(1377,'2011-03-19','4.00','propina',1,2,17,4,0),(1378,'2011-03-19','80.00','pizza colon',1,2,17,4,0),(1379,'2011-03-19','24.00','reg.nonna',1,2,17,3,0),(1380,'2011-03-19','40.00','colon entradas',1,2,17,4,0),(1381,'2011-03-19','90.00','entrada villa elisa',1,2,17,4,0),(1382,'2011-03-19','18.00','cafe',1,2,17,4,0),(1383,'2011-03-19','6.00','helado',1,2,17,4,0),(1384,'2011-03-19','40.00','termas colon',1,2,17,3,0),(1385,'2011-03-19','80.00','nafta',1,2,17,3,0),(1386,'2011-03-19','84.00','comia villa elisa',1,2,17,4,0),(1389,'2011-03-20','12.80','2.80 , 5 , 5',1,1,17,3,0),(1388,'2011-03-20','6.00','nafta',1,1,17,4,0),(1390,'2011-03-20','16.85','nafta',2,1,18,1,0),(1391,'2011-03-20','5.48','super',2,1,14,1,0),(1392,'2011-03-20','111.56','nafta',1,1,17,1,0),(1393,'2011-03-20','158.61','super',1,1,17,1,0),(1394,'2011-03-20','125.00','nafta',1,1,17,1,0),(1395,'2011-03-20','1406.00','visa rio',1,1,26,1,0),(1396,'2011-03-20','21.09','',2,1,14,1,0),(1397,'2011-03-20','9.52','',2,1,18,1,0),(1398,'2011-03-20','99.00','alfajores',1,1,17,1,0),(1399,'2011-03-20','50.00','nafta',1,1,17,1,0),(1402,'2011-03-20','22.00','ravioles',1,1,16,4,0),(1403,'2011-03-20','31.91','domingo - leches',1,1,14,1,0),(1404,'2011-03-20','60.00','alfajores',1,1,19,3,0),(1405,'2011-03-20','60.00','alfajores flavia',2,1,19,4,0),(1406,'2011-03-21','45.00','marzo',1,2,19,3,0),(1407,'2011-03-22','22.90','',1,1,24,4,0),(1408,'2011-03-22','3.00','huevos',1,2,16,3,0),(1409,'2011-03-22','7.50','milanesa de soja',1,2,16,3,0),(1410,'2011-03-22','6.00','fruta',1,2,16,8,0),(1411,'2011-03-22','50.00','libro italiano',1,2,19,3,0),(1412,'2011-03-24','8.40','verduleria',1,1,16,4,0),(1413,'2011-03-25','20.00','verduras',1,2,16,8,0),(1414,'2011-03-25','7.00','verduras',1,2,16,3,0),(1415,'2011-03-26','2.00','propina lavadero',1,1,18,4,0),(1416,'2011-03-29','43.00','agua,pescado y ñoquis',1,2,16,8,0),(1417,'2011-03-29','6.25','plaza, utn y cecilia',1,2,21,3,0),(1418,'2011-03-30','15.00','ensalada',1,1,24,4,0),(1419,'2011-03-30','137.00','tarjeta mas',1,1,26,8,0),(1420,'2011-03-31','20.00','',1,1,24,4,0),(1421,'2011-04-01','32.50','San Miguel',1,2,17,3,0),(1422,'2011-04-01','11.15','viaticos hasta viernes',1,2,21,3,0),(1423,'2011-04-01','13.00','agua',1,2,16,8,0),(1424,'2011-04-01','22.00','fruta',1,2,16,8,0),(1425,'2011-03-31','91.00','nafta',1,1,18,1,0),(1426,'2011-03-31','272.85','',1,1,14,1,0),(1427,'2011-03-31','71.85','easy',1,1,33,1,0),(1428,'2011-03-31','131.78','',1,1,14,1,0),(1429,'2011-03-31','83.05','nafta',1,1,18,1,0),(1430,'2011-03-31','9.10','nafta',2,1,18,1,0),(1431,'2011-03-31','23.40','comision',1,1,32,1,0),(1432,'2011-03-31','4.91','iva banco',1,1,32,1,0),(1433,'2011-03-31','40.93','reintegro',2,1,14,1,0),(1434,'2011-03-31','59.08','',1,1,14,1,0),(1435,'2011-03-31','8.31','reintegro',2,1,14,1,0),(1436,'2011-04-01','4654.00','sueldo',2,1,23,1,0),(1437,'2011-04-02','319.68','',1,1,14,1,0),(1438,'2011-04-02','20.00','devolucion jabones marila',2,1,14,4,0),(1439,'2011-03-31','16.00','',1,1,24,4,0),(1440,'2011-04-02','34.26','edesur',1,1,12,1,0),(1441,'2011-04-02','143.76','osde',1,1,31,1,0),(1442,'2011-04-02','20.64','aysa',1,1,12,1,0),(1443,'2011-04-02','129.70','claro',1,1,30,1,0),(1444,'2011-04-02','40.00','merienda villa urquiza',1,1,17,4,0),(1445,'2011-04-03','270.00','expensas',1,1,13,8,0),(1446,'2011-04-04','1400.00','clases',2,2,23,3,0),(1447,'2011-04-04','2.50','dentista',1,2,21,3,0),(1448,'2011-04-06','1.25','lunes',1,2,21,3,0),(1449,'2011-04-06','2.20','miercoles modista',1,2,21,3,0),(1450,'2011-04-06','3.00','huevos',1,1,16,4,0),(1451,'2011-04-06','124.45','',1,1,14,1,0),(1452,'2011-04-06','50.00','nafta',1,1,18,1,0),(1453,'2011-04-06','1.25','mier utn',1,2,21,3,0),(1454,'2011-04-06','1297.00','abril',1,2,13,3,0),(1455,'2011-04-06','519.00','canastita',2,2,23,3,0),(1456,'2011-04-07','0.75','tomate',1,1,24,4,0),(1457,'2011-04-08','32.30','pollo',1,2,16,8,0),(1458,'2011-04-08','25.00','fruta varios',1,2,16,8,0),(1459,'2011-04-08','2.50','plaza',1,2,21,3,0),(1460,'2011-04-08','219.00','abril',1,2,22,3,0),(1461,'2011-04-08','300.00','modista 2',1,2,19,3,0),(1462,'2011-04-08','162.00','marila',2,2,14,8,0),(1463,'2011-04-08','20.00','carne',1,2,16,8,0),(1464,'2011-04-08','12.00','pescado',1,2,16,8,0),(1465,'2011-04-09','7.50','milanesa de soja',1,2,16,3,0),(1467,'2011-04-09','1.20','utn viernes',1,2,21,3,0),(1468,'2011-04-09','1000.00','',2,1,23,8,0),(1469,'2011-04-09','380.00','cochera',1,1,18,8,0),(1470,'2011-04-09','50.00','nafta',1,1,18,1,0),(1471,'2011-04-09','2.75','harina',1,1,16,4,0),(1472,'2011-04-11','16.00','ensalada',1,1,24,4,0),(1473,'2011-04-12','1.00','devolucion prestamo',2,1,24,4,0),(1474,'2011-04-12','43.50','canilla',1,1,33,4,0),(1475,'2011-04-12','1.50','intereses',2,1,32,1,0),(1476,'2011-04-12','35.08','',1,1,14,1,0),(1477,'2011-04-12','154.00','nafta',1,1,18,1,0),(1478,'2011-04-12','1470.00','visa rio',1,1,26,1,0),(1479,'2011-04-12','8.86','reintegro',2,1,14,1,0),(1480,'2011-04-12','43.61','devolucion iva',2,1,32,1,0),(1481,'2011-04-12','16.97','matrogas',1,1,12,1,0),(1482,'2011-04-15','15.00','carne',1,2,16,8,0),(1483,'2011-04-15','12.00','pescado',1,2,16,8,0),(1484,'2011-04-15','24.80','ricotta y tarta',1,2,14,8,0),(1485,'2011-04-15','13.20','agua',1,2,16,8,0),(1486,'2011-04-15','59.00','regalo nora',1,2,19,8,0),(1493,'2011-04-17','2.00','ramos',1,2,19,3,0),(1488,'2011-04-15','32.90','',1,1,24,1,0),(1489,'2011-04-15','10.00','',1,1,19,4,0),(1490,'2011-04-15','3.75','lu-vi',1,2,21,3,0),(1491,'2011-04-15','6.75','verduras',1,2,16,3,0),(1492,'2011-04-15','70.00','italiano',1,2,25,3,0),(1494,'2011-04-17','0.75','ticket estacionamiento',1,2,19,3,0),(1495,'2011-04-19','16.50','verduras',1,1,16,4,0),(1496,'2011-04-22','120.00','nafta',1,1,18,1,0),(1497,'2011-04-22','12.00','nafta',2,1,18,1,0),(1498,'2011-04-22','10.21','reintegro',2,1,14,1,0),(1499,'2011-04-22','204.76','',1,1,14,1,0),(1500,'2011-04-22','31.03','',1,1,14,1,0),(1534,'2011-04-28','18.67','',2,1,14,1,0),(1503,'2011-04-22','68.04','',1,1,14,1,0),(1504,'2011-04-22','5.00','lu,ma y mi',1,2,21,3,0),(1505,'2011-04-22','6.00','juego',2,2,19,4,0),(1506,'2011-04-24','3.90','pila',1,1,19,4,0),(1507,'2011-04-24','7.80','milanesas de soja',1,1,16,4,0),(1508,'2011-04-24','4.00','cartas simpson',1,1,19,4,0),(1509,'2011-04-24','30.00','estacionamiento rural',1,1,17,4,0),(1510,'2011-04-24','6.50','verdureria',1,2,16,3,0),(1511,'2011-04-24','9.50','verduleria',1,2,16,3,0),(1562,'2011-05-06','6.35','verduleria semana pasada',1,2,16,3,0),(1514,'2011-04-24','33.54','diferencia negativa',1,2,16,3,0),(1515,'2011-04-27','1.25','utn lu',1,2,21,3,0),(1516,'2011-04-27','4.90','verduleria',1,2,16,3,0),(1517,'2011-04-28','17.00','',1,1,24,4,0),(1518,'2011-04-28','3.40','lechuga',1,1,16,4,0),(1519,'2011-04-28','3.75','mi, ju',1,2,21,3,0),(1520,'2011-04-28','200.00','la canastita',2,2,23,3,0),(1521,'2011-04-28','200.00','zapatos 1 parte',1,2,19,3,0),(1522,'2011-04-28','44.00','carne y pescado',1,2,16,8,0),(1523,'2011-04-28','1.50','choclo',1,2,16,3,0),(1524,'2011-04-28','300.00','fotografo seña',1,2,19,1,0),(1525,'2011-04-28','155.00','',1,1,14,1,0),(1526,'2011-04-28','23.40','comision banco',1,1,32,1,0),(1527,'2011-04-28','4.91','iva banco',1,1,32,1,0),(1528,'2011-04-28','4.65','',2,1,14,1,0),(1529,'2011-04-28','30.71','',2,1,14,1,0),(1530,'2011-04-28','10.70','nafta',2,1,18,1,0),(1531,'2011-04-28','106.99','nafta',1,1,18,1,0),(1532,'2011-04-28','66.60','libro',1,1,19,1,0),(1533,'2011-04-28','15.30','chupamocos',1,1,28,1,0),(1535,'2011-04-28','18.10','varias cosas',1,1,16,4,0),(1536,'2011-04-29','12.00','ñoquis',1,1,16,4,0),(1537,'2011-04-29','6.00','huevos',1,1,16,4,0),(1538,'2011-04-29','21.25','sube+ viernes',1,2,21,3,0),(1539,'2011-04-29','2.50','plaza lezica',1,2,21,3,0),(1540,'2011-04-30','3.00','estacionamiento',1,2,19,3,0),(1541,'2011-04-30','18.00','cafe y alfajor',1,2,17,4,0),(1542,'2011-04-30','500.00','anillos',1,2,19,1,0),(1543,'2011-05-02','1480.00','clases',2,2,23,3,0),(1544,'2011-05-02','1.20','manzana',1,1,24,4,0),(1545,'2011-05-02','120.00','transferencia',1,1,19,8,0),(1546,'2011-05-02','120.00','transferencia',2,1,19,4,0),(1547,'2011-05-02','1000.00','',2,1,23,8,0),(1548,'2011-05-02','380.00','cochera',1,1,18,8,0),(1549,'2011-05-03','50.00','walter electricista',1,1,19,8,0),(1550,'2011-05-03','1020.00','mayo parte 1',1,2,13,3,0),(1551,'2011-05-03','300.00','mayo parte 2',1,2,13,8,0),(1552,'2011-05-03','12.00','bolsas',1,2,19,8,0),(1553,'2011-05-03','70.00','italiano',1,2,19,3,0),(1554,'2011-05-03','15.00','fruta',1,2,16,8,0),(1555,'2011-05-03','0.75','fruta',1,2,16,3,0),(1556,'2011-05-03','3.75','lunes',1,2,21,3,0),(1557,'2011-05-03','90.00','burako',1,2,19,3,0),(1558,'2011-05-03','50.00','agua, carne y pescado',1,2,16,8,0),(1559,'2011-05-06','8.90','verdura miercoles',1,2,16,8,0),(1560,'2011-05-06','219.00','mayo',1,2,22,3,0),(1561,'2011-05-06','270.00','expensas',1,2,13,8,0),(1563,'2011-05-06','1.00','fruta mal cargada',1,2,16,8,0),(1564,'2011-05-07','17.25','solucion',1,1,28,4,0),(1565,'2011-05-07','12.50','cumpleaños eze',1,1,19,4,0),(1566,'2011-05-07','18.90','verduras',1,1,16,3,0),(1567,'2011-05-07','2.65','harina',1,1,16,4,0),(1570,'2011-05-08','21.00','medialunas',1,1,19,4,0),(1569,'2011-05-08','2.00','buraco',1,1,19,4,0),(1571,'2011-05-08','10.00','curso prematrimonial',1,1,19,4,0),(1572,'2011-05-08','135.77','nafta',1,1,18,1,0),(1573,'2011-05-08','4500.00','',2,1,23,1,0),(1574,'2011-05-08','15.40','reintegro',2,1,14,1,0),(1575,'2011-05-08','23.25','reintegro',2,1,14,1,0),(1576,'2011-05-08','137.39','claro',1,1,30,1,0),(1577,'2011-05-08','84.66','osde',1,1,31,1,0),(1578,'2011-05-08','43.44','reintegro iva',2,1,32,1,0),(1579,'2011-05-08','13.58','nafta',2,1,18,1,0),(1580,'2011-05-08','181.75','',1,1,14,1,0),(1581,'2011-05-08','39.04','',1,1,14,1,0),(1582,'2011-05-08','1.45','intereses',2,1,32,1,0),(1583,'2011-05-10','1.25','',1,1,21,4,0),(1584,'2011-05-10','24.00','',1,1,24,4,0),(1585,'2011-05-10','16.00','pescado',1,2,16,8,0),(1586,'2011-05-10','1.25','',1,1,21,4,0),(1587,'2011-05-10','10.00','carga monedero',1,1,21,4,0),(1588,'2011-05-11','120.00','transferencia',1,1,19,8,0),(1589,'2011-05-11','120.00','transferencia',2,1,19,4,0),(1590,'2011-05-11','13.00','verduleria',1,1,16,4,0),(1591,'2011-05-11','158.16','nafta',1,1,18,1,0),(1592,'2011-05-11','71.66','',1,1,14,1,0),(1593,'2011-05-12','30.00','pollo',1,2,16,8,0),(1594,'2011-05-12','1.25','lunes',1,2,21,3,0),(1595,'2011-05-12','28.00','ravioles',1,2,16,3,0),(1596,'2011-05-12','190.00','La canastita',2,2,23,3,0),(1597,'2011-05-12','190.00','zapatos',1,2,19,3,0),(1598,'2011-05-13','12.00','cumpla mario',1,1,19,4,0),(1599,'2011-05-16','4.00','buraco',1,1,19,4,0),(1600,'2011-05-16','7.75','milanesas de soja',1,1,16,4,0),(1601,'2011-05-16','1.25','lunes utn',1,2,21,3,0),(1602,'2011-05-16','8.90','verdura',1,2,16,3,0),(1603,'2011-05-20','7.00','',1,1,19,4,0),(1604,'2011-05-21','30.00','sube',1,2,21,3,0),(1605,'2011-05-21','20.00','china',1,2,24,4,0),(1606,'2011-05-21','41.00','rabas',1,2,16,3,0),(1607,'2011-05-21','2.50','mier,vier',1,2,21,3,0),(1608,'2011-05-23','7.50','pizza',1,2,16,3,0),(1609,'2011-05-23','5.00','alfajor',1,2,16,4,0),(1610,'2011-05-23','24.00','11 pesacado + 13 agua',1,2,16,3,0),(1611,'2011-05-23','4.00','buraco',1,1,19,4,0),(1612,'2011-05-23','2.00','manzana',1,1,16,4,0),(1613,'2011-05-23','9.50','fotos',1,1,19,4,0),(1625,'2011-05-24','26.00','',1,1,24,4,0),(1615,'2011-05-23','1038.53','visa rio',1,1,26,1,0),(1616,'2011-05-23','27.26','reintegro',2,1,14,1,0),(1617,'2011-05-23','25.50','cafe havana',1,1,17,1,0),(1618,'2011-05-23','65.00','nafta',1,1,18,1,0),(1620,'2011-05-23','10.75','reintegro',2,1,14,1,0),(1621,'2011-05-23','261.13','',1,1,14,1,0),(1622,'2011-05-23','6.50','nafta',2,1,18,1,0),(1623,'2011-05-23','300.00','fotografo casamiento',1,1,19,1,0),(1624,'2011-05-23','138.39','nafta',1,1,18,1,0),(1626,'2011-05-26','250.00','transferencia',1,1,19,1,0),(1627,'2011-05-26','250.00','transferencia',2,1,16,4,0),(1628,'2011-05-26','15.00','ensalada',1,1,24,4,0),(1629,'2011-05-26','1.00','manzana',1,1,24,4,0),(1630,'2011-05-26','40.00','arreglo 2 ruedas',1,1,18,4,0),(1631,'2011-05-27','15.30','verduleria',1,1,16,4,0),(1632,'2011-05-27','1.25','viernes',1,2,21,3,0),(1633,'2011-05-29','1.00','limones',1,2,16,3,0),(1634,'2011-05-29','27.50','rabas',1,2,16,3,0),(1635,'2011-05-29','13.65','fruta',1,2,16,3,0),(1636,'2011-05-29','10.00','pescado',1,2,16,3,0),(1637,'2011-05-30','7.80','milanesa de soja',1,2,16,4,0),(1638,'2011-05-30','1.25','lunes',1,2,21,3,0),(1639,'2011-05-31','10.00','',1,1,19,4,0),(1640,'2011-05-31','1.10','palmira',1,2,21,3,0),(1641,'2011-05-30','9.50','verduleria',1,1,16,4,0),(1642,'2011-05-30','39.19','reintegro',2,1,14,1,0),(1643,'2011-05-30','282.28','',1,1,14,1,0),(1644,'2011-05-30','13.84','nafta',2,1,18,1,0),(1645,'2011-05-30','23.40','comision',1,1,32,1,0),(1646,'2011-05-30','4.91','iva banco',1,1,32,1,0),(1647,'2011-05-30','12.39','',1,1,14,1,0),(1648,'2011-05-30','127.47','nafta',1,1,18,1,0),(1649,'2011-06-01','261.65','',1,1,14,1,0),(1650,'2011-06-01','128.45','claro',1,1,30,1,0),(1651,'2011-06-01','50.99','edesur',1,1,12,1,0),(1652,'2011-06-01','98.59','osde',1,1,31,1,0),(1653,'2011-06-01','20.64','aysa',1,1,12,1,0),(1654,'2011-06-02','750.00','la canastita',2,2,23,3,0),(1655,'2011-06-02','1.25','miercoles',1,2,21,3,0),(1656,'2011-06-02','10.00','pescado',1,2,16,3,0),(1657,'2011-06-02','219.00','junio',1,2,22,3,0),(1658,'2011-06-02','1032.00','clases',2,2,23,3,0),(1659,'2011-06-02','1274.00','junio',1,2,13,3,0),(1660,'2011-06-02','1000.00','',2,1,23,8,0),(1661,'2011-06-02','20.00','cochera',1,1,18,4,0),(1667,'2011-06-04','400.00','cochera junio',1,2,18,8,0),(1663,'2011-06-03','11.00','',1,1,24,4,0),(1664,'2011-06-03','15.00','',1,1,24,4,0),(1665,'2011-06-04','70.00','italiano',1,2,16,3,0),(1666,'2011-06-04','510.00','la canastita',2,2,23,3,0),(1668,'2011-06-04','509.00','junio',1,2,26,3,0),(1669,'2011-06-04','12.00','faina',1,1,16,4,0),(1670,'2011-06-05','30.00','recarga eric',1,1,30,1,0),(1671,'2011-06-08','3.00','presion',1,1,28,4,0),(1672,'2011-06-08','6.25','vi, lu y mi',1,2,21,3,0),(1673,'2011-06-08','310.00','clases + la Canastita',2,2,23,3,0),(1674,'2011-06-09','2.00','manzana',1,1,24,4,0),(1675,'2011-06-12','1.25','viernes utn',1,2,21,3,0),(1676,'2011-06-12','1.10','italiano',1,2,21,3,0),(1677,'2011-06-12','4.00','caritas',1,2,19,3,0),(1678,'2011-06-13','2.60','manzanas',1,1,24,4,0),(1679,'2011-06-13','2.00','buraco',1,1,19,4,0),(1680,'2011-06-13','100.00','zapatos',1,1,19,1,0),(1681,'2011-06-13','5.00','valvulas',1,1,33,4,0),(1682,'2011-06-13','28.00','peluqueria',1,1,19,4,0),(1685,'2011-06-13','5000.00','',2,1,23,1,0),(1684,'2011-06-13','121.68','nafta',1,1,18,1,0),(1686,'2011-06-13','36.05','reintegro iva',2,1,32,1,0),(1687,'2011-06-13','1195.76','visa rio',1,1,26,1,0),(1688,'2011-06-13','1.41','intereses',2,1,32,1,0),(1696,'2011-06-13','39.25','reintegro',2,1,14,1,0),(1690,'2011-06-13','12.17','nafta',2,1,18,1,0),(1691,'2011-06-13','178.50','',1,1,14,1,0),(1692,'2011-06-13','15.00','recarga claro',1,1,30,1,0),(1693,'2011-06-13','130.30','nafta',1,1,18,1,0),(1694,'2011-06-13','24.25','cafecito eric',1,2,16,4,0),(1695,'2011-06-13','43.95','compras',1,2,19,4,0),(1697,'2011-06-13','42.34','reintegro',2,1,14,1,0),(1698,'2011-06-13','12.45','nafta',2,1,18,1,0),(1699,'2011-06-13','2.98','reintegro nafta falso',2,1,18,1,0),(1700,'2011-06-13','1.25','lunes',1,2,21,3,0),(1701,'2011-06-14','139.76','cuota 1 de traje eric',1,1,26,1,0),(1702,'2011-06-14','4130.00','compra 1000 dolares',1,1,36,1,0),(1703,'2011-06-16','26.78','reintegro',2,1,14,1,0),(1704,'2011-06-16','63.00','',1,1,24,1,0),(1705,'2011-06-16','30.00','',2,1,24,4,0),(1706,'2011-06-16','13.03','nafta',2,1,18,1,0),(1707,'2011-06-16','153.81','',1,1,14,1,0),(1708,'2011-06-16','13.00','',1,1,24,4,0),(1709,'2011-06-16','1.25','utn',1,2,21,3,0),(1710,'2011-06-16','13.00','agua',1,2,16,8,0),(1711,'2011-06-16','13.00','pescado',1,2,16,8,0),(1713,'2011-06-16','15.00','pescado',1,2,16,8,0),(1714,'2011-06-16','35.00','taxi',1,2,16,8,0),(1715,'2011-06-16','10.00','cuchara',1,2,16,8,0),(1716,'2011-06-16','270.00','junio',1,1,13,8,0),(1717,'2011-06-17','100.00','electricista',1,2,19,8,0),(1718,'2011-06-17','1.25','utn viernes',1,2,21,3,0),(1719,'2011-06-18','100.00','sitio cecilia',2,1,34,4,0),(1720,'2011-06-18','28.00','verduleria',1,1,16,4,0),(1721,'2011-06-18','43.75','cosas fotos',1,1,19,4,0),(1722,'2011-06-18','1.00','papel de regalo',1,1,19,4,0),(1723,'2011-06-18','500.00','fotografo casamiento',1,1,19,1,0),(1724,'2011-06-18','46.90','muñecos torta',1,1,19,1,0),(1725,'2011-06-18','10.00','medias',1,2,19,3,0),(1726,'2011-06-20','3.75','repuestos inodoro',1,1,33,4,0),(1727,'2011-06-20','12.00','buraco',1,1,19,4,0),(1728,'2011-06-21','4.50','sobres',1,2,19,3,0),(1729,'2011-06-21','75.00','carne',1,2,16,8,0),(1730,'2011-06-21','11.00','sahumerios',1,2,19,8,0),(1731,'2011-06-21','3.00','huevos\n',1,2,16,3,0),(1732,'2011-06-21','45.00','moño auto',1,1,19,4,0),(1733,'2011-06-21','43.80','depiladora',1,2,19,3,0),(1734,'2011-06-21','20.00','helado',1,1,17,4,0),(1735,'2011-06-21','143.98','nafta',1,1,18,1,0),(1736,'2011-06-21','17.17','',1,1,14,1,0),(1737,'2011-06-22','8.50','empanadas y fruta',1,1,24,4,0),(1738,'2011-06-23','100.00','transferencia',1,1,19,8,0),(1739,'2011-06-23','100.00','transferencia',2,1,19,4,0),(1740,'2011-06-23','24.50','',1,1,24,4,0),(1741,'2011-06-23','30.00','desayuno',1,1,17,1,0),(1742,'2011-06-23','2.00','propina desayuno',1,1,17,4,0),(1743,'2011-06-25','2670.00','clases',2,2,23,3,0),(1744,'2011-06-25','50.00','seña torta casamiento',1,1,19,4,0),(1745,'2011-06-25','2.50','mier y vier utn',1,2,21,3,0),(1746,'2011-06-26','80.00','macowens cuota 1',2,2,19,8,0),(1747,'2011-06-27','10.00','libreta parte1',1,2,19,3,0),(1748,'2011-06-27','20.00','libreta parte 2',1,2,19,4,0),(1749,'2011-06-27','23.07','reintegro',2,1,14,1,0),(1750,'2011-06-27','262.47','',1,1,14,1,0),(1751,'2011-06-27','65.18','shampoo eric',1,1,28,1,0),(1752,'2011-06-27','144.55','nafta',1,1,18,1,0),(1753,'2011-06-27','39.75','',1,1,24,1,0),(1754,'2011-06-27','280.00','transfer',1,1,19,1,0),(1755,'2011-06-27','18.92','metrogas',1,1,12,1,0),(1756,'2011-06-27','16.00','',2,1,24,4,0),(1757,'2011-06-27','280.00','transfer',2,1,19,4,0),(1758,'2011-06-27','8.30','balance',1,1,19,4,0),(1759,'2011-06-28','13.00','agua',1,2,16,8,0),(1760,'2011-06-28','24.00','medias',1,2,16,8,0),(1763,'2011-06-28','3.00','ajo',1,2,16,8,0),(1762,'2011-06-28','10.00','edith',1,2,19,8,0),(1764,'2011-06-28','7.00','',1,1,24,4,0),(1765,'2011-06-28','1.25','lunes',1,2,21,3,0),(1766,'2011-06-28','2.00','galle',1,2,16,3,0),(1767,'2011-06-28','50.00','palmira flores',1,2,19,4,0),(1768,'2011-06-28','400.00','flores palmira',1,2,19,3,0),(1769,'2011-06-28','240.00','ramo',1,2,19,3,0),(1770,'2011-06-28','50.00','tocado flavia',1,2,19,3,0),(1771,'2011-06-28','100.00','jano parte2',1,2,19,3,0),(1772,'2011-06-29','4.50','estacionamiento abasto',1,1,19,4,0),(1773,'2011-06-29','50.00','lavado\n',1,1,18,4,0),(1774,'2011-07-02','90.00','torta casamiento',1,1,19,4,0),(1775,'2011-07-02','3.75','chocolate',1,1,15,4,0),(1776,'2011-07-05','31.00','facturas oficina',1,1,19,4,0),(1777,'2011-07-05','21.00','',1,1,24,4,0),(1778,'2011-07-05','1525.00','sueldo parte 1',2,2,23,3,0),(1779,'2011-07-05','1000.00','modista',1,2,19,3,0),(1780,'2011-07-05','200.00','sandra',1,2,19,3,0),(1781,'2011-07-05','80.00','jackie',1,2,19,3,0),(1782,'2011-07-05','219.00','julio',1,2,22,3,0),(1783,'2011-07-05','1297.00','julio',1,2,13,3,0),(1784,'2011-07-05','800.00','regalo overprint',2,1,19,1,0),(1785,'2011-07-05','23.40','comision',1,1,32,1,0),(1786,'2011-07-05','4.91','iva comision',1,1,32,1,0),(1787,'2011-07-05','7.28','desayuno coto',1,1,16,1,0),(1788,'2011-07-05','39.37','reintegro',2,1,14,1,0),(1789,'2011-07-05','28.00','',1,1,14,1,0),(1790,'2011-07-05','5000.00','',2,1,23,1,0),(1791,'2011-07-05','229.46','',1,1,14,1,0),(1792,'2011-07-05','2500.00','aguinaldo',2,1,23,1,0),(1793,'2011-07-05','2375.00','cabaña villegas',1,1,19,1,0),(1794,'2011-07-05','100.00','nafta',1,1,18,1,0),(1795,'2011-07-05','71.93','vino daniel',1,1,14,1,0),(1796,'2011-07-05','11.00','veduleria',1,1,16,4,0),(1797,'2011-07-05','80.00','macow 2',2,1,19,4,0),(1798,'2011-07-06','1000.00','',2,1,23,8,0),(1799,'2011-07-06','500.00','aguinaldo',2,1,23,8,0),(1800,'2011-07-06','20.00','cochera',1,1,18,4,0),(1801,'2011-07-06','400.00','',1,1,18,8,0),(1802,'2011-07-07','9.00','',1,1,24,4,0),(1803,'2011-07-07','28.00','carta italia',1,2,19,3,0),(1804,'2011-07-07','2.00','cuidacoche',1,1,19,4,0),(1805,'2011-07-07','9.00','fruta',1,1,16,3,0),(1806,'2011-07-07','1.25','utn mierc',1,1,21,3,0),(1807,'2011-07-08','4.10','',1,1,16,4,0),(1808,'2011-07-08','21.00','',1,1,24,4,0),(1809,'2011-07-09','250.00','curso fotog',1,1,19,8,0),(1810,'2011-07-09','80.00','cartas italia',1,1,19,8,0),(1811,'2011-07-09','20.00','pescado junio',1,1,19,8,0),(1812,'2011-07-09','14.00','varios',1,1,19,3,0),(1813,'2011-07-09','1.25','viernes utn',1,1,21,3,0),(1814,'2011-07-09','2.20','sabdao',1,1,21,3,0),(1815,'2011-07-09','3.00','huevos',1,2,16,4,0),(1816,'2011-07-10','108.00','poleras',1,2,19,3,0),(1817,'2011-07-11','120.00','walter megaupload',2,1,19,4,0),(1818,'2011-07-11','100.00','dueña transformador',2,1,19,8,0),(1819,'2011-07-11','717.63','clases',2,2,23,3,0),(1820,'2011-07-11','1017.63','julio',1,2,26,3,0),(1821,'2011-07-11','2.00','buraco',1,1,19,3,0),(1822,'2011-07-11','2.00','buraco',1,1,19,4,0),(1823,'2011-07-11','1.25','utn',1,2,21,3,0),(1824,'2011-07-11','35.80','fruta',1,2,16,4,0),(1825,'2011-07-12','69.00','carne',1,2,16,8,0),(1826,'2011-07-12','15.00','medias',1,2,19,8,0),(1827,'2011-07-12','14.00','pesacado',1,2,16,8,0),(1828,'2011-07-12','13.00','agua',1,2,16,8,0),(1829,'2011-07-12','4.00','jamon, dif casacrem',1,2,16,8,0),(1830,'2011-07-12','17.00','tapas y ricotta',1,2,16,8,0),(1831,'2011-07-12','20.00','',1,1,24,4,0),(1832,'2011-07-12','39.00','',1,1,24,1,0),(1833,'2011-07-12','16.00','cafe',1,1,17,1,0),(1834,'2011-07-12','45.96','reintegro iva',2,1,32,1,0),(1835,'2011-07-12','147.43','',1,1,14,1,0),(1836,'2011-07-12','1.22','intereses',2,1,32,1,0),(1837,'2011-07-12','163.24','nafta',1,1,18,1,0),(1838,'2011-07-12','11.98','pan pancho',1,1,16,1,0),(1839,'2011-07-12','53.38','osde',1,1,31,1,0),(1840,'2011-07-12','128.45','claro',1,1,30,1,0),(1841,'2011-07-12','1185.23','visa rio',1,1,26,1,0),(1842,'2011-07-12','318.33','cuota 2 macowens',1,1,19,1,0),(1846,'2011-07-15','5.00','huevos',1,1,16,4,0),(1844,'2011-07-12','289.00','expensas junio',1,2,13,8,0),(1845,'2011-07-12','4.20','reintegro',2,1,14,1,0),(1847,'2011-07-15','10.00','',1,1,24,4,0),(1848,'2011-07-16','9.50','varios',1,2,19,3,0),(1849,'2011-07-16','3.75','plaza y utn viernes',1,2,21,3,0),(1850,'2011-07-16','1.25','miercoles',1,2,21,3,0),(1851,'2011-07-16','70.00','italiano',1,2,19,3,0),(1852,'2011-07-18','7.00','',1,1,19,4,0),(1853,'2011-07-18','4.00','propina merienda',1,1,17,4,0),(1854,'2011-07-18','3.00','estacionamiento curso lunes',1,1,19,4,0),(1855,'2011-07-19','6.00','empanadas',1,1,24,4,0),(1856,'2011-07-19','10.05','',1,1,16,4,0),(1857,'2011-07-19','16.00','nestle',2,2,14,8,0),(1858,'2011-07-19','11.00','pescado',1,2,16,8,0),(1859,'2011-07-19','13.00','agua',1,2,16,8,0),(1860,'2011-07-19','36.00','zapato',1,2,19,8,0),(1861,'2011-07-19','50.00','pollo',1,2,16,8,0),(1862,'2011-07-19','2.35','sab y lun',1,2,21,3,0),(1863,'2011-07-20','3.00','estacionamiento curso martes',1,1,19,4,0),(1864,'2011-07-20','30.00','transfer',1,1,19,8,0),(1865,'2011-07-20','30.00','transfer',2,1,19,4,0),(1866,'2011-07-20','40.00','',1,1,24,4,0),(1867,'2011-07-21','2.50','utn miercoles',1,2,21,3,0),(1868,'2011-07-22','0.25','estacionamiento curso jueves',1,1,19,4,0),(1869,'2011-07-22','50.00','carne picada',1,2,16,8,0),(1870,'2011-07-22','2.50','viernes utn',1,2,21,3,0),(1871,'2011-07-22','7.00','naranja',1,2,16,8,0),(1872,'2011-07-23','16.00','helados',1,2,16,3,0),(1873,'2011-07-23','8.00','pizza',1,2,16,4,0),(1874,'2011-07-25','1.50','manzana',1,1,24,4,0),(1875,'2011-07-25','300.00','compra imagenes flavia',2,1,19,4,0),(1876,'2011-07-25','8.00','papas',1,2,16,3,0),(1877,'2011-07-25','1.25','lunes utn',1,2,21,3,0),(1879,'2011-07-26','65.00','varias comidas',1,2,16,8,0),(1880,'2011-07-26','22.11','reintegro',2,1,14,1,0),(1881,'2011-07-26','187.47','',1,1,14,1,0),(1882,'2011-07-26','106.12','',1,1,14,1,0),(1883,'2011-07-26','154.00','nafta',1,1,18,1,0),(1884,'2011-07-26','565.13','',1,1,14,1,0),(1885,'2011-07-26','49.50','san miguel',1,1,17,1,0),(1886,'2011-07-26','28.12','reintegro',2,1,14,1,0),(1887,'2011-07-26','14.40','reintegro',2,1,14,1,0),(1888,'2011-07-26','15.40','nafta',2,1,18,1,0),(1889,'2011-07-26','15.92','nafta',2,1,18,1,0),(1890,'2011-07-26','152.52','nafta',1,1,18,1,0),(1891,'2011-07-26','14.00','starbucks',1,1,17,1,0),(1892,'2011-07-26','10.40','reintegro',2,1,14,1,0),(1893,'2011-07-26','23.00','almuerzo + manzana',1,1,24,4,0),(1894,'2011-07-26','3.95','diferencia',1,1,19,4,0),(1895,'2011-07-26','2.50','huevos',1,1,16,8,0),(1896,'2011-07-27','170.00','gym',1,2,19,3,0),(1897,'2011-07-27','2.50','miercoles',1,2,21,3,0),(1898,'2011-07-28','2.75','peajes ezeiza',1,1,17,4,0),(1899,'2011-07-28','15.00','cafe ezeiza',1,1,17,4,0),(1900,'2011-07-28','45.00','estacionamiento ezeiza',1,1,17,4,0),(1901,'2011-07-28','110.00','patente anual',1,1,18,4,0),(1902,'2011-07-30','13.00','sodero',1,2,16,8,0),(1903,'2011-07-30','15.00','bifes',1,2,16,8,0),(1904,'2011-07-30','16.00','pescado',1,2,16,8,0),(1905,'2011-07-30','14.00','ñoquis',1,2,16,8,0),(1906,'2011-08-01','13.00','',1,1,24,4,0),(1907,'2011-08-01','30.00','regalos oficina',1,1,19,4,0),(1908,'2011-08-01','7.50','prepizza sabado',1,1,16,4,0),(1909,'2011-08-01','5.00','lunes utn y ortod',1,2,21,3,0),(1910,'2011-08-01','6.00','',1,1,24,4,0),(1911,'2011-08-02','20.00','',1,1,24,4,0),(1912,'2011-08-02','1321.00','clases',2,2,23,3,0),(1913,'2011-08-02','1297.00','agosto',1,2,13,3,0),(1914,'2011-08-02','5000.00','',2,1,23,1,0),(1915,'2011-08-02','1000.00','',2,1,23,8,0),(1916,'2011-08-02','15.25','nafta',2,1,18,1,0),(1917,'2011-08-02','23.40','comision',1,1,32,1,0),(1918,'2011-08-02','4.91','iva',1,1,32,1,0),(1919,'2011-08-02','296.08','',1,1,14,1,0),(1920,'2011-08-02','127.00','nafta',1,1,18,1,0),(1921,'2011-08-02','9.70','',1,1,19,4,0),(1922,'2011-08-04','3.50','estacionamiento nora',1,1,17,4,0),(1923,'2011-08-04','21.00','',1,1,24,4,0),(1924,'2011-08-05','32.00','ravioles',1,1,16,3,0),(1925,'2011-08-05','1.00','trapito nora',1,1,19,3,0),(1926,'2011-08-05','480.00','cochera',1,1,13,8,0),(1927,'2011-08-06','4.85','mi,vi,sa',1,2,21,3,0),(1928,'2011-08-06','70.00','italiano',1,2,19,3,0),(1929,'2011-08-06','219.00','agosto',1,2,22,3,0),(1930,'2011-08-06','385.00','la canastita',2,2,23,3,0),(1931,'2011-08-06','250.00','fotografia',1,2,19,8,0),(1932,'2011-08-06','35.00','fotografia',1,2,24,8,0),(1933,'2011-08-06','35.00','fotografia',1,2,24,8,0),(1934,'2011-08-08','300.00','fotografo',1,1,19,1,0),(1935,'2011-08-08','200.00','transfer',1,1,19,1,0),(1936,'2011-08-08','100.00','transfer',2,1,19,4,0),(1937,'2011-08-08','100.00','transfer',2,1,19,8,0),(1938,'2011-08-08','80.00','cuota daniel',2,1,19,8,0),(1939,'2011-08-08','16.50','',1,1,24,4,0),(1940,'2011-08-08','2.50','lunes',1,2,21,3,0),(1942,'2011-08-09','289.00','exp. agosto',1,2,13,8,0),(1943,'2011-08-10','919.00','clases',2,2,23,3,0),(1944,'2011-08-10','919.50','agosto',1,2,26,3,0),(1945,'2011-08-11','7.00','varios',1,2,19,3,0),(1946,'2011-08-11','3.60','miercoles',1,2,21,3,0),(1947,'2011-08-11','2.75','galle',1,2,16,3,0),(1948,'2011-08-11','56.00','varios almuerzos',1,1,24,4,0),(1949,'2011-08-11','6.30','balance',2,1,16,4,0),(1950,'2011-08-11','70.00','Rosa',1,2,19,8,0),(1951,'2011-08-11','2.50','Rosa',1,2,19,3,0),(1952,'2011-08-11','2.50','plaza',1,2,21,3,0),(1953,'2011-08-11','35.00','medias casamiento',1,2,19,3,0),(1954,'2011-08-12','12.00','pescado',1,2,16,8,0),(1955,'2011-08-12','13.00','agua',1,2,16,8,0),(1956,'2011-08-13','30.00','hosting',1,2,19,8,0),(1957,'2011-08-13','3.60','vier y sab',1,2,21,3,0),(1958,'2011-08-13','16.00','fruta',1,2,16,8,0),(1959,'2011-08-16','2.50','lunes',1,2,21,3,0),(1960,'2011-08-16','2.60','viatico',1,2,19,3,0),(1961,'2011-08-16','37.50','estacionamiento',1,2,17,3,0),(1962,'2011-08-16','10.00','pescado',1,2,16,8,0),(1963,'2011-08-16','4.00','buraco',1,1,19,4,0),(1964,'2011-08-16','20.00','devolucion',2,1,24,4,0),(1965,'2011-08-16','144.59','nafta',1,1,18,1,0),(1966,'2011-08-16','33.00','',1,1,28,1,0),(1967,'2011-08-16','2213.91','visa rio',1,1,26,1,0),(1968,'2011-08-16','1.32','intereses',2,1,32,1,0),(1969,'2011-08-16','67.38','american rio',1,1,26,1,0),(1970,'2011-08-16','14.46','nafta',2,1,18,1,0),(1971,'2011-08-16','9.86','nafta',2,1,18,1,0),(1972,'2011-08-16','166.63','',1,1,14,1,0),(1973,'2011-08-16','148.02','nafta',1,1,18,1,0),(1974,'2011-08-16','240.00','dattatec larodada',1,1,34,1,0),(1975,'2011-08-16','65.71','',1,1,14,1,0),(1976,'2011-08-16','130.00','claro',1,1,30,1,0),(1977,'2011-08-16','20.62','aysa',1,1,12,1,0),(1978,'2011-08-16','29.16','metrogas',1,1,12,1,0),(1979,'2011-08-16','72.58','edesur',1,1,12,1,0),(1980,'2011-08-16','71.56','reintegro iva',2,1,32,1,0),(1981,'2011-08-16','12.70','nafta',2,1,18,1,0),(1982,'2011-08-17','100.00','imagenes flavia',2,1,34,4,0),(1983,'2011-08-17','8.85','devolucion quesos',2,1,14,4,0),(1984,'2011-08-17','318.33','cuota 3 macowens',1,1,19,1,0),(1987,'2011-08-17','19.00','cafe',1,1,17,1,0),(1986,'2011-08-17','138.99','',1,1,14,1,0),(1988,'2011-08-18','13.00','fruta',1,2,16,8,0),(1989,'2011-08-18','2.50','jueves',1,2,21,3,0),(1990,'2011-08-18','2.50','miercoles',1,2,21,3,0),(1991,'2011-08-18','10.00','policia',1,2,19,3,0),(1992,'2011-08-19','6.00','huevos',1,2,16,4,0),(1993,'2011-08-19','6.60','varios',1,2,16,3,0),(1995,'2011-08-19','23.00','',1,1,24,4,0),(1996,'2011-08-19','1.25','viernes',1,2,21,3,0),(1997,'2011-08-23','100.00','banco nacion',1,2,19,3,0),(1998,'2011-08-23','59.00','varios',1,2,16,8,0),(1999,'2011-08-23','2.00','buraco',2,1,19,4,0),(2000,'2011-08-23','2.40','tomate y manzana',1,1,16,4,0),(2001,'2011-08-23','14.50','fruta',1,2,16,3,0),(2002,'2011-08-24','3.60','sab - mier',1,2,21,3,0),(2003,'2011-08-24','48.00','carne - pescado',1,2,16,3,0),(2004,'2011-08-28','5.25','estacionamiento abasto',1,1,17,4,0),(2005,'2011-08-28','93.49','',1,1,14,1,0),(2006,'2011-08-28','147.04','nafta',1,1,18,1,0),(2007,'2011-08-28','37.03','',1,1,14,1,0),(2008,'2011-08-28','143.39','',1,1,14,1,0),(2009,'2011-08-28','14.70','nafta',2,1,18,1,0),(2010,'2011-08-28','33.00','nachos abasto',1,1,17,1,0),(2011,'2011-08-28','30.00','recarga',1,1,30,1,0),(2012,'2011-08-28','31.35','',1,1,19,4,0),(2013,'2011-08-28','25.00','carga celular',1,2,19,3,0),(2014,'2011-08-28','2.35','vi, sa',1,2,21,4,0),(2015,'2011-08-28','2.35','vi vuelta + bco',1,2,21,3,0),(2016,'2011-08-29','200.00','La Canastita',2,2,23,3,0),(2017,'2011-08-29','170.00','septiembre',1,2,35,3,0),(2018,'2011-08-29','9.60','',1,1,19,4,0),(2019,'2011-08-29','21.00','ñoquis',1,1,16,4,0),(2020,'2011-08-29','18.00','cumple oficina',1,1,19,4,0),(2021,'2011-08-29','1.25','lu',1,2,21,3,0),(2022,'2011-08-29','4.60','cindor',1,2,16,3,0),(2023,'2011-08-30','25.10','',1,1,24,4,0),(2025,'2011-08-30','100.00','la canastita',2,2,23,3,0),(2026,'2011-08-30','37.50','ezeiza',1,2,19,3,0),(2027,'2011-08-30','2.50','peajes x 2',1,2,19,3,0),(2028,'2011-09-01','1500.00','clases',2,2,23,3,0),(2029,'2011-09-01','219.00','septiembre',1,2,22,3,0),(2030,'2011-09-02','1.00','tomate',1,1,24,4,0),(2031,'2011-09-03','9.00','cebolla y tomate',1,1,16,4,0),(2032,'2011-09-03','24.00','helados',1,1,17,4,0),(2033,'2011-09-03','6.00','bollo pizza',1,1,16,4,0),(2034,'2011-09-03','8.00','taxi viernes',1,2,21,3,0),(2035,'2011-09-03','1.25','viernes utn',1,2,21,3,0),(2036,'2011-09-04','70.00','sep italiano',1,2,25,3,0),(2037,'2011-09-04','1297.00','septiembre',1,2,13,3,0),(2038,'2011-09-04','1000.00','',2,1,23,8,0),(2039,'2011-09-04','308.00','expensas',1,1,13,8,0),(2040,'2011-09-04','900.00','fotografo ultimo pago',1,1,19,1,0),(2041,'2011-09-04','5000.00','',2,1,23,1,0),(2042,'2011-09-04','139.53','nafta',1,1,18,1,0),(2051,'2011-09-04','25.65','enchufe baño',1,1,33,1,0),(2044,'2011-09-04','54.00','merienda solera',1,1,17,1,0),(2045,'2011-09-04','23.40','comision',1,1,32,1,0),(2046,'2011-09-04','4.91','iva',1,1,32,1,0),(2047,'2011-09-04','13.95','nafta',2,1,18,1,0),(2048,'2011-09-04','19.00','cafe',1,1,17,1,0),(2049,'2011-09-04','96.38','',1,1,14,1,0),(2050,'2011-09-04','155.10','nafta',1,1,18,1,0),(2052,'2011-09-05','11.50','pan',1,1,16,4,0),(2053,'2011-09-05','4.00','buraco',2,1,19,4,0),(2054,'2011-09-05','1.25','',1,1,19,4,0),(2055,'2011-09-06','75.00','cochera',1,1,18,8,0),(2056,'2011-09-06','13.50','',1,1,24,8,0),(2057,'2011-09-07','90.00','transfer',1,1,19,1,0),(2058,'2011-09-07','90.00','transfer',2,1,19,4,0),(2059,'2011-09-10','250.00','fotografia',1,1,19,1,0),(2060,'2011-09-10','100.00','transfer',1,1,19,1,0),(2061,'2011-09-10','100.00','transfer',2,1,19,4,0),(2062,'2011-09-10','8.50','milanesas de soja',1,1,16,4,0),(2063,'2011-09-10','13.80','estacionamineto',1,1,17,4,0),(2064,'2011-09-10','1.00','estacionamient',1,1,17,4,0),(2065,'2011-09-13','6.10','lu 12/9',1,2,21,3,0),(2066,'2011-09-13','33.41','reintegro iva',2,1,32,1,0),(2067,'2011-09-13','137.08','claro',1,1,30,1,0),(2068,'2011-09-13','1240.00','la rodada',2,1,34,1,0),(2069,'2011-09-13','1.24','pago de intereses',2,1,32,1,0),(2070,'2011-09-13','20.80','esso',1,1,24,1,0),(2071,'2011-09-13','15.51','nafta',2,1,18,1,0),(2072,'2011-09-13','19.00','',1,1,17,1,0),(2073,'2011-09-13','6.89','reintegro',2,1,14,1,0),(2074,'2011-09-13','174.49','',1,1,14,1,0),(2075,'2011-09-13','28.50','llave cruz easy',1,1,18,1,0),(2083,'2011-09-13','208.61','',1,1,14,1,0),(2078,'2011-09-13','175.10','nafta',1,1,18,1,0),(2079,'2011-09-13','3675.48','VISA RIO',1,1,26,1,0),(2080,'2011-09-13','34.00','',1,1,24,1,0),(2081,'2011-09-13','19.00',' ',1,1,17,1,0),(2082,'2011-09-13','5.80','',1,2,19,3,0),(2084,'2011-09-13','100.00','fotos walter',2,1,19,4,0),(2085,'2011-09-13','80.00','macowens daniel',2,1,19,4,0),(2086,'2011-09-13','60.10','balance',1,1,19,4,0),(2087,'2011-09-15','1.25','mierc',1,2,21,3,0),(2088,'2011-09-15','2.55','fotoco contrato',1,2,19,3,0),(2089,'2011-09-15','6.00','',1,2,24,4,0),(2090,'2011-09-16','16.00','pescado',1,2,16,8,0),(2091,'2011-09-16','14.00','agua',1,2,16,8,0),(2092,'2011-09-16','12.00','pescado',1,2,16,8,0),(2093,'2011-09-16','32.00','bifes',1,2,16,8,0),(2094,'2011-09-17','4.00','buraco',2,1,19,4,0),(2100,'2011-09-20','132.00','cosas marila',2,1,14,8,0),(2096,'2011-09-20','15.00','',1,1,24,4,0),(2097,'2011-09-20','1.00','',1,1,24,4,0),(2098,'2011-09-20','1.00','propina nafta',1,1,18,4,0),(2099,'2011-09-20','3.00','huevos',1,1,16,4,0),(2101,'2011-09-20','1.25','lunes',1,1,21,3,0),(2102,'2011-09-20','2.35','vie y sab',1,1,21,3,0),(2103,'2011-09-21','760.21','clases',2,2,23,3,0),(2104,'2011-09-21','760.21','sep',1,2,26,3,0),(2105,'2011-09-22','9.00','',1,1,24,4,0),(2106,'2011-09-22','2.50','plaza',1,2,21,3,0),(2107,'2011-09-22','15.00','cumple victor',1,1,19,4,0),(2108,'2011-09-23','8.00','',1,1,24,4,0),(2109,'2011-09-23','16.00','',1,1,19,4,0),(2110,'2011-09-28','38.00','12, 14, 12',1,2,16,8,0),(2114,'2011-09-28','3.75','vi,lu,mi',1,2,21,3,0),(2115,'2011-09-29','500.00','seña dpto campana',1,1,13,1,0),(2116,'2011-09-29','3400.00','dpto campana',1,1,13,1,0),(2117,'2011-09-29','200.00','mudanza martes',1,1,13,1,0),(2118,'2011-09-29','100.00','transfer',1,1,19,1,0),(2119,'2011-09-29','100.00','transfer',2,1,19,4,0),(2120,'2011-09-29','1.50','guantes latex',1,1,33,4,0),(2121,'2011-09-29','27.50','fastix y guantes',1,1,33,4,0),(2122,'2011-09-29','6.00','arroz',1,1,24,4,0),(2123,'2011-09-29','8.00','tarta',1,1,24,4,0),(2124,'2011-09-29','0.60','manzana',1,1,24,4,0),(2143,'2011-09-30','57.00','lavado',1,1,18,4,0),(2126,'2011-09-29','307.57','american RIO',1,1,26,1,0),(2127,'2011-09-29','17.51','nafta',2,1,18,1,0),(2128,'2011-09-29','67.80','cartuchos impresora y cds',1,1,19,1,0),(2129,'2011-09-29','5.58','cds',1,1,19,1,0),(2130,'2011-09-29','22.97','',1,1,14,1,0),(2131,'2011-09-29','106.05','',1,1,14,1,0),(2132,'2011-09-29','13.58','',1,1,14,1,0),(2133,'2011-09-29','145.00','nafta',1,1,18,1,0),(2134,'2011-09-29','26.17','reintegro',2,1,14,1,0),(2135,'2011-09-29','6.78','reintegro',2,1,14,1,0),(2136,'2011-09-29','0.56','reintegro',2,1,14,1,0),(2137,'2011-09-29','21.00','burger',1,1,24,1,0),(2138,'2011-09-29','19.00','',1,1,17,1,0),(2139,'2011-09-29','14.50','nafta',2,1,18,1,0),(2140,'2011-09-29','130.00','nafta',1,1,18,1,0),(2141,'2011-09-29','23.40','comision',1,1,32,1,0),(2142,'2011-09-29','4.91','iva',1,1,32,1,0),(2144,'2011-09-30','25.00','cafe y tostado utn',1,1,17,4,0),(2145,'2011-10-01','412.00','dep. dpto melincue',2,2,13,3,0),(2146,'2011-10-01','1.10','italiano',1,2,21,3,0),(2147,'2011-10-01','70.00','octubre',1,2,25,3,0),(2148,'2011-10-01','2.00','fotocopias\n',1,2,19,3,0),(2149,'2011-10-01','29.00','',1,2,19,8,0),(2150,'2011-10-01','54.00','triples y cable',1,1,33,4,0),(2151,'2011-10-02','18.00','enchufe',2,2,33,4,0),(2152,'2011-10-03','15.00','pilas marila',2,1,19,4,0),(2153,'2011-10-03','6.50','empanadas y manzana',1,1,24,4,0),(2154,'2011-10-03','20.00','gym',1,2,25,3,0),(2162,'2011-10-04','4500.00','clases javier',2,2,23,3,0),(2163,'2011-10-04','4000.00','octubre',1,2,13,3,0),(2158,'2011-10-04','28.00','agua',1,2,16,8,0),(2159,'2011-10-04','12.00','pescado',1,2,16,8,0),(2160,'2011-10-04','200.00','dentista',1,2,19,3,0),(2161,'2011-10-04','4.85','lu,ma',1,2,21,3,0),(2164,'2011-10-04','120.00','inst ventilador 1',1,2,19,3,0),(2165,'2011-10-04','120.00','inst. 2',1,2,19,8,0),(2166,'2011-10-04','1000.00','',2,1,23,8,0),(2167,'2011-10-04','17.00','verduleria lunes',1,1,16,8,0),(2168,'2011-10-04','35.00','album teresa',1,1,19,8,0),(2169,'2011-10-04','22.00','',1,1,24,4,0),(2170,'2011-10-04','22.00','',1,1,24,4,0),(2171,'2011-10-05','9.00','',1,1,24,4,0),(2172,'2011-10-05','15.00','bifes',1,2,16,8,0),(2173,'2011-10-05','20.00','claudia',1,2,25,3,0),(2174,'2011-10-07','12.75','verdura',1,2,16,4,0),(2175,'2011-10-07','80.00','macowens cuota 5',2,2,19,4,0),(2176,'2011-10-07','3.75','mi,ju',1,2,21,3,0),(2177,'2011-10-08','15.00','destornilladores',1,1,33,4,0),(2178,'2011-10-08','3.00','tornillos',1,1,33,4,0),(2179,'2011-10-08','263.00','monot y fotos fla',2,1,19,4,0),(2180,'2011-10-08','2.35','vi,sa',1,1,21,3,0),(2181,'2011-10-08','2.48','',2,1,14,1,0),(2182,'2011-10-08','302.75','',1,1,14,1,0),(2192,'2011-10-08','5000.00','',2,1,23,1,0),(2184,'2011-10-08','99.45','easy',1,1,33,1,0),(2185,'2011-10-08','164.14','nafta',1,1,18,1,0),(2186,'2011-10-08','219.00','monotributo flavia',1,1,22,1,0),(2187,'2011-10-08','166.79','regalo madre miriana',1,1,16,1,0),(2188,'2011-10-08','16.41','nafta',2,1,18,1,0),(2189,'2011-10-08','94.60','',1,1,14,1,0),(2190,'2011-10-08','47.74','devolucion iva',2,1,32,1,0),(2191,'2011-10-08','0.88','intereses',2,1,32,1,0),(2193,'2011-10-08','81.35','varios',1,1,19,4,0),(2194,'2011-10-08','8.00','prepizza',1,1,16,4,0),(2195,'2011-10-08','4.00','burako',1,1,19,4,0),(2196,'2011-10-11','11.00','',1,1,19,4,0),(2197,'2011-10-11','2.50','martes',1,2,21,3,0),(2198,'2011-10-11','40.00','musculosas',1,2,19,3,0),(2199,'2011-10-11','28.00','agua',1,2,16,8,0),(2200,'2011-10-11','16.20','verdura',1,2,16,4,0),(2201,'2011-10-12','34.00','12 pesc, 22 carne',1,2,16,8,0),(2202,'2011-10-12','18.25','sales',1,2,28,8,0),(2203,'2011-10-12','3.00','huevos',1,2,16,8,0),(2204,'2011-10-12','0.50','sales',1,2,28,8,0),(2205,'2011-10-12','1.10','fotocopias',1,2,25,3,0),(2206,'2011-10-16','12.00','mi,ju,vi, pol',1,2,21,3,0),(2207,'2011-10-16','85.50','wilson',2,2,14,4,0),(2208,'2011-10-17','571.00','javier',2,2,25,3,0),(2209,'2011-10-17','219.00','oct 2011',1,2,22,3,0),(2210,'2011-10-17','352.00','visa oct',1,2,26,3,0),(2211,'2011-10-17','23.00','wilson',2,1,14,4,0),(2212,'2011-10-17','25.00','ff',1,1,19,4,0),(2213,'2011-10-17','15.00','flor madre',1,1,19,4,0),(2214,'2011-10-17','6.00','7up remolque',1,1,16,4,0),(2215,'2011-10-17','35.00','destornillador walter',1,1,33,4,0),(2216,'2011-10-17','31.35','balance',2,1,19,4,0),(2217,'2011-10-17','149.00','nafta',1,1,18,1,0),(2218,'2011-10-17','147.27','',1,1,14,1,0),(2219,'2011-10-17','2392.04','visa rio',1,1,26,1,0),(2220,'2011-10-17','306.88','amex rio',1,1,26,1,0),(2221,'2011-10-17','37.00','burger',1,1,24,1,0),(2222,'2011-10-17','132.19','',1,1,14,1,0),(2223,'2011-10-17','129.12','claro',1,1,30,1,0),(2224,'2011-10-17','14.90','nafta',2,1,18,1,0),(2225,'2011-10-17','14.19','reintegro',2,1,14,1,0),(2226,'2011-10-17','259.77','wilson malla',1,1,14,1,0),(2227,'2011-10-17','47.50','benadryl y paraguas',1,1,28,1,0),(2228,'2011-10-18','20.00','llaves',1,2,19,8,0),(2229,'2011-10-18','10.00','pescado',1,2,16,8,0),(2230,'2011-10-18','1.50','colectivo',1,1,21,4,0),(2231,'2011-10-18','80.00','arreglo',1,1,18,4,0),(2232,'2011-10-19','3.50','postre',1,1,24,4,0),(2233,'2011-10-19','4.85','leche oficina',1,1,16,4,0),(2234,'2011-10-19','8.50','milanesas',1,1,16,4,0),(2235,'2011-10-20','21.00','',1,1,24,4,0),(2236,'2011-10-20','8.00','isadora',1,2,19,3,0),(2237,'2011-10-21','15.00','taxi',1,1,21,3,0),(2238,'2011-10-21','22.00','empanadas',1,1,16,4,0),(2239,'2011-10-22','5.50','verduleria',1,1,16,3,0),(2240,'2011-10-22','30.00','copia llave',1,1,33,4,0),(2241,'2011-10-22','20.00','funda celular',1,1,19,4,0),(2242,'2011-10-23','2.00','halls',1,1,15,4,0),(2243,'2011-10-23','5.95','lu,mi,vi,sa',1,2,21,3,0),(2244,'2011-10-23','44.00','fotos',1,2,19,3,0),(2245,'2011-10-23','1.25','dot',1,2,21,3,0),(2246,'2011-10-23','10.00','seña mochila',1,2,19,3,0),(2247,'2011-10-23','190.00','avellaneda',1,2,19,3,0),(2248,'2011-10-23','1.10','abast',1,2,21,3,0),(2250,'2011-10-23','1.10','sab 15/10',1,2,21,3,0),(2251,'2011-10-24','1000.00','compra moneda',1,1,19,1,0),(2252,'2011-11-10','7.00','milanesa de soja',1,2,16,8,0),(2253,'2011-11-10','13.00','fruta',1,2,16,8,0),(2254,'2011-11-10','1.75','utn jueves',1,2,21,3,0),(2255,'2011-11-10','17.00','',1,1,24,4,0),(2256,'2011-11-10','50.00','transfer',2,1,19,4,0),(2257,'2011-11-10','50.00','transfer',1,1,19,1,0),(2258,'2011-11-10','8.60','',1,1,15,4,0),(2259,'2011-11-10','15.00','estacionamiento ezeiza',1,1,19,4,0),(2260,'2011-11-12','2019.00','clases utn',2,2,23,3,0),(2261,'2011-11-12','219.00','nov',1,2,22,3,0),(2262,'2011-11-12','1200.00','parte1',1,2,13,3,0),(2263,'2011-11-12','600.00','parte2',1,2,13,8,0),(2264,'2011-11-12','1.25','vier',1,2,21,3,0),(2265,'2011-11-12','152.00','tintoreria',1,2,19,3,0),(2266,'2011-11-13','8.00','prepizza',1,1,16,4,0),(2267,'2011-11-13','28.00','ravioles',1,1,16,4,0),(2268,'2011-11-14','3.50','fruta almuerzo',1,1,16,4,0),(2269,'2011-11-14','10.00','verdura casa',1,1,16,4,0),(2294,'2011-11-16','15.80','nivelacion',1,1,19,4,0),(2271,'2011-11-14','1000.00','',2,1,23,8,0),(2272,'2011-11-14','23.40','comision banco',1,1,32,1,0),(2273,'2011-11-14','4.91','iva banco',1,1,32,1,0),(2274,'2011-11-14','5310.00','',2,1,23,1,0),(2275,'2011-11-14','91.49','cmr',1,1,26,1,0),(2276,'2011-11-14','87.71','osde',1,1,31,1,0),(2277,'2011-11-14','33.73','reintegro iva',2,1,32,1,0),(2290,'2011-11-14','1618.82','visa rio',1,1,26,1,0),(2279,'2011-11-14','0.32','intereses',2,1,32,1,0),(2280,'2011-11-14','306.18','amex rio',1,1,26,1,0),(2281,'2011-11-14','22.56','telecom',1,1,12,1,0),(2282,'2011-11-14','96.00','nafta',1,1,18,1,0),(2283,'2011-11-14','146.00','expensas',1,1,13,1,0),(2284,'2011-11-14','173.45','',1,1,14,1,0),(2285,'2011-11-14','130.33','claro',1,1,30,1,0),(2286,'2011-11-14','30.00','recarga claro',1,1,30,1,0),(2287,'2011-11-14','25.01','nafta',1,1,18,1,0),(2288,'2011-11-14','26.00','nafta',1,1,18,1,0),(2289,'2011-11-14','100.00','nafta',1,1,18,1,0),(2291,'2011-11-16','24.00','',1,1,24,4,0),(2292,'2011-11-16','3.10','almacen',1,1,16,4,0),(2293,'2011-11-16','100.00','hosting',1,1,19,8,0),(2295,'2011-11-18','7.50','lu,ma,ju',1,2,21,3,0),(2296,'2011-11-18','28.00','agua',1,2,16,8,0),(2297,'2011-11-18','4.75','leche oficina',1,1,16,4,0),(2298,'2011-11-18','3.40','fruta almuerzo',1,1,16,4,0),(2299,'2011-11-21','15.00','regalo italia',1,2,19,3,0),(2300,'2011-11-21','70.00','italiano',1,2,19,3,0),(2301,'2011-11-21','100.00','derecho examen',1,2,19,3,0),(2302,'2011-11-21','60.00','entrada',1,2,19,3,0),(2304,'2011-11-21','1.25','vi utn',1,2,21,3,0),(2305,'2011-11-21','1.10','sab',1,2,21,3,0),(2306,'2011-11-21','30.00','verdule, y milanesas de soja',1,2,16,3,0),(2309,'2011-11-21','76.00','pizzas',1,1,19,8,0),(2308,'2011-11-21','3.00','huevos',1,2,16,8,0),(2310,'2011-11-21','9.00','',1,1,24,4,0),(2311,'2011-11-21','1.25','lu utn',1,2,21,3,0),(2312,'2011-11-22','7.00','',1,1,24,4,0),(2313,'2011-11-22','3.00','',1,1,16,4,0),(2314,'2011-11-22','80.00','macowens',2,1,19,4,0),(2315,'2011-11-22','30.00','2 cumpleaños oficina',1,1,19,4,0),(2316,'2011-11-23','20.00','gym',1,2,19,3,0),(2317,'2011-11-24','96.50','pollo 3 kg',1,2,16,8,0),(2318,'2011-11-24','14.00','varios',1,2,16,3,0),(2319,'2011-11-24','8.00','pescado',1,2,16,8,0),(2321,'2011-11-24','7.50','ma,mi,ju',1,2,21,3,0),(2322,'2011-11-24','8.75','helado',1,1,16,4,0),(2323,'2011-11-24','22.00','auriculares',1,1,19,3,0),(2324,'2011-11-24','910.00','utn',2,1,23,3,0),(2325,'2011-11-24','915.00','vis. nov',1,1,26,3,0),(2326,'2011-11-25','14.00','',1,1,19,4,0),(2327,'2011-11-25','9.00','',1,1,24,4,0),(2328,'2011-11-28','70.00','transfer',1,1,19,8,0),(2329,'2011-11-28','70.00','transfer',2,1,19,4,0),(2330,'2011-11-28','25.00','rabas',1,1,16,4,0),(2331,'2011-11-28','30.00','carga sube',1,1,21,4,0),(2332,'2011-11-28','16.00','helado',1,1,17,4,0),(2333,'2011-11-28','2.00','nro sorteo italiano',1,1,19,4,0),(2334,'2011-11-29','28.00','agua',1,2,16,8,0),(2335,'2011-11-29','3.70','utn martes',1,2,21,3,0),(2336,'2011-11-30','10.50','lechuga y tomates',1,1,16,4,0),(2337,'2011-12-01','5.00','mi,ju',1,2,21,3,0),(2338,'2011-12-01','19.57','almuerzo coto italiano',1,1,16,1,0),(2339,'2011-12-01','240.06','',1,1,14,1,0),(2340,'2011-12-01','165.20','nafta',1,1,18,1,0),(2341,'2011-12-01','40.00','mostaza',1,1,24,1,0),(2342,'2011-12-01','55.29','',1,1,14,1,0),(2343,'2011-12-01','48.01','',1,1,14,1,0),(2344,'2011-12-01','23.40','comision',1,1,32,1,0),(2345,'2011-12-01','4.91','iva banco',1,1,32,1,0),(2346,'2011-12-01','94.14','nafta',1,1,18,1,0),(2347,'2011-12-01','55.65','',1,1,14,1,0),(2348,'2011-12-01','116.51','',1,1,14,1,0),(2349,'2011-12-01','5234.00','',2,1,23,1,0),(2350,'2011-12-01','30.70','balance',1,1,19,4,0),(2351,'2011-12-01','26.33','edesur',1,1,12,1,0),(2352,'2011-12-01','19.62','aysa',1,1,12,1,0),(2353,'2011-12-01','91.27','CMR Falabella',1,1,26,1,0),(2354,'2011-12-01','75.41','OSDE',1,1,31,1,0),(2355,'2011-12-01','177.50','cocinar',1,2,16,8,0),(2356,'2011-12-01','5.00','vi-lu atrasados',1,2,21,3,0),(2357,'2011-12-02','419.00','La canastita',2,2,23,3,0),(2358,'2011-12-02','219.00','dic',1,2,22,3,0),(2360,'2011-12-02','175.00','pescado, bifes, carne picada, etc',1,2,16,8,0),(2361,'2011-12-02','200.00','La canastita',2,2,23,3,0),(2362,'2011-12-05','500.00','clases utn',2,2,23,3,0),(2364,'2011-12-05','2.50','vier',1,2,21,3,0),(2365,'2011-12-05','1000.00','dic',1,2,13,3,0),(2366,'2011-12-05','800.00','dic parte 2',1,2,13,8,0),(2367,'2011-12-05','800.00','parcial negro',2,1,23,8,0),(2368,'2011-12-05','200.00','parcial negro',2,1,23,4,0),(2369,'2011-12-05','8.00','milanesas de soja',1,1,16,4,0),(2370,'2011-12-05','16.00','kanikama',1,1,16,4,0),(2371,'2011-12-05','66.00','libro android',1,1,19,4,0),(2372,'2011-12-06','4.50','goma eva',1,2,19,3,0),(2373,'2011-12-06','13.00','ibuevanol',1,2,28,3,0),(2374,'2011-12-06','5.00','lu,ma',1,2,21,3,0),(2375,'2011-12-06','20.00','',1,2,24,4,0),(2376,'2011-12-06','13.50','',1,2,16,4,0),(2377,'2011-12-06','3.00','huevos',1,2,16,8,0),(2378,'2011-12-12','10.00','milanesa',1,2,16,8,0),(2379,'2011-12-12','6.00','verduras',1,2,16,8,0),(2380,'2011-12-13','2.50','lu',1,2,21,3,0),(2381,'2011-12-13','1.25','mi pasad',1,2,21,3,0),(2382,'2011-12-13','8.00','helado',1,1,16,4,0),(2383,'2011-12-13','7.00','empanadas',1,1,24,4,0),(2384,'2011-12-13','3.00','huevos',1,2,16,8,0),(2385,'2011-12-13','39.00','pollo',1,2,16,8,0),(2386,'2011-12-13','55.00','pescetto',1,2,16,8,0),(2387,'2011-12-13','31.00','B. chorizo x 4',1,2,16,8,0),(2388,'2011-12-13','39.00','milanesa',1,2,16,8,0),(2389,'2011-12-13','10.00','pesacado hoy',1,2,16,8,0),(2390,'2011-12-13','12.00','pesacado anterior',1,2,16,8,0),(2391,'2011-12-13','13.00','acido',1,2,28,8,0),(2392,'2011-12-13','2.00','jumbo',1,2,16,3,0),(2393,'2011-12-14','0.50','sellado verificacion policial',1,1,18,4,0),(2394,'2011-12-15','200.00','tramites',1,1,18,8,0),(2395,'2011-12-15','4.00','6 huevos',1,1,16,3,0),(2396,'2011-12-16','28.00','agua',1,2,16,8,0),(2397,'2011-12-16','7.30','mi,ju utn',1,2,21,3,0),(2398,'2011-12-16','195.40','tramites auto',1,1,18,8,0),(2399,'2011-12-16','2.50','vi',1,2,21,3,0),(2400,'2011-12-20','5.50','',1,1,24,4,0),(2401,'2011-12-20','120.00','ultimo arreglo fiat uno',1,1,18,8,0),(2402,'2011-12-21','29.00','',1,1,24,4,0),(2403,'2011-12-21','300.00','transfer',1,1,19,1,0),(2404,'2011-12-21','300.00','transfer',2,1,19,4,0),(2405,'2011-12-21','6.75','verduras',1,1,16,4,0),(2406,'2011-12-21','132.50','denuncia de venta',1,1,18,4,0),(2407,'2011-12-22','500.00','aguinaldo',2,1,23,8,0),(2408,'2011-12-24','34.00','torta ricota',1,1,19,4,0),(2409,'2011-12-24','2.00','billetera teresa',1,1,19,4,0),(2410,'2011-12-26','7.40','lu,mi,lu terraz',1,2,21,3,0),(2411,'2011-12-27','8.00','galletitas',1,1,16,4,0),(2412,'2011-12-28','59.55','balance',1,1,19,4,0),(2413,'2011-12-28','146.00','expensas',1,1,13,1,0),(2414,'2011-12-28','20.00','starbucks',1,1,17,1,0),(2415,'2011-12-28','121.70','nafta',1,1,18,1,0),(2416,'2011-12-28','0.48','intereses',2,1,32,1,0),(2417,'2011-12-28','138.34','claro',1,1,30,1,0),(2418,'2011-12-28','20.00','starbucks',1,1,17,1,0),(2419,'2011-12-28','217.95','',1,1,14,1,0),(2420,'2011-12-28','30.00','recarga claro',1,1,30,1,0),(2421,'2011-12-28','21.44','telecom',1,1,12,1,0),(2422,'2011-12-28','29.15','',1,1,14,1,0),(2423,'2011-12-28','100.00','nafta',1,1,18,1,0),(2424,'2011-12-28','18.00','cafe mcdonalds',1,1,17,1,0),(2425,'2011-12-28','2396.33','visa rio',1,1,26,1,0),(2426,'2011-12-28','30.88','reintegro iva',2,1,32,1,0),(2427,'2011-12-28','305.49','american express rio',1,1,26,1,0),(2428,'2011-12-28','5.00','reintegro promo',2,1,32,1,0),(2429,'2011-12-28','20.25','mcdonalds',1,1,24,1,0),(2430,'2011-12-28','39.21','',1,1,14,1,0),(2431,'2011-12-28','28.23','',1,1,14,1,0),(2432,'2011-12-28','32.69','bonificacion promo',2,1,32,1,0),(2433,'2011-12-28','2655.00','aguinaldo',2,1,23,1,0),(2434,'2011-12-28','47.70','',1,1,14,1,0),(2435,'2011-12-28','2000.00','parte auto',1,1,18,1,0),(2436,'2011-12-28','6.25','dic',1,2,21,3,0),(2437,'2011-12-28','23.30','sandwich y helado',1,1,24,1,0),(2438,'2011-12-28','1609.00','anticipo auto',1,1,18,1,0),(2439,'2011-12-28','53.31','',1,1,14,1,0),(2440,'2011-12-28','1.00','fla',1,2,21,8,0),(2441,'2011-12-29','39.00','',1,1,24,4,0),(2442,'2011-12-29','2.50','ju',1,2,21,3,0),(2443,'2011-12-29','14.00','noquis',1,2,16,8,0),(2444,'2011-12-31','30.00','carga sube',1,1,21,4,0),(2445,'2012-01-02','4.75','vi shopping',1,2,21,3,0),(2446,'2012-01-02','13.75','',1,1,15,1,0),(2447,'2012-01-03','22.00','queso',1,2,16,8,0),(2448,'2012-01-03','16.00','',1,1,24,4,0),(2449,'2012-01-03','7.75','',1,1,15,4,0),(2450,'2012-01-03','8.00','pre pizza',1,1,16,4,0),(2451,'2012-01-03','5000.00','',2,1,23,1,0),(2452,'2012-01-03','91.05','CMR Falabella',1,1,26,1,0),(2453,'2012-01-03','82.31','osde',1,1,31,1,0),(2454,'2012-01-05','8.25','galletitas oficina',1,1,15,4,0),(2455,'2012-01-06','6.00','',1,1,15,4,0),(2456,'2012-01-08','20.00','transfer',1,1,19,8,0),(2457,'2012-01-08','20.00','transfer',2,1,19,4,0),(2458,'2012-01-08','6.10','yerba',1,1,14,4,0),(2459,'2012-01-09','6.25','mi,ju,vi',1,2,21,3,0),(2461,'2012-01-09','1000.00','enero',2,2,23,8,0),(2462,'2012-01-09','18.00','agua',1,2,16,8,0),(2463,'2012-01-09','1500.00','enero',1,2,13,8,0),(2464,'2012-01-09','6400.00','utn',2,2,23,3,0),(2465,'2012-01-09','6100.00','compra',1,2,18,3,0),(2466,'2012-01-09','300.00','enero',1,2,13,3,0),(2467,'2012-01-09','4.00','',1,1,16,4,0),(2468,'2012-01-10','6.00','agua parte 1',1,2,16,8,0),(2469,'2012-01-10','9.00','agua parte 2',1,2,16,3,0),(2470,'2012-01-11','5.00','lu,mi',1,2,21,3,0),(2474,'2012-01-14','200.00','transfer',2,1,19,4,0),(2473,'2012-01-14','200.00','transfer',1,1,19,1,0),(2475,'2012-01-14','7.00','verduleria',1,1,16,4,0),(2476,'2012-01-14','8.00','milanesas soja',1,1,16,4,0),(2477,'2012-01-14','8.00','prepizza',1,1,16,4,0),(2478,'2012-01-14','14.25','galletitas oficina',1,1,16,4,0),(2479,'2012-01-14','27.00','pizza',1,1,24,4,0),(2480,'2012-01-15','22.00','metrogas Ema',1,1,12,4,0),(2481,'2012-01-15','46.00','wafles',1,1,17,4,0),(2482,'2012-01-15','20.35','reintegro iva',2,1,32,1,0),(2483,'2012-01-15','758.64','',1,1,14,1,0),(2484,'2012-01-15','148.00','expensas',1,1,13,1,0),(2485,'2012-01-15','0.88','intereses',2,1,32,1,0),(2486,'2012-01-15','39.20','',1,1,14,1,0),(2487,'2012-01-15','250.36','personal eric',1,1,30,1,0),(2488,'2012-01-15','1593.62','visa rio eric',1,1,26,1,0),(2489,'2012-01-15','112.06','',1,1,14,1,0),(2490,'2012-01-15','135.09','',1,1,14,1,0),(2491,'2012-01-16','20.00','carga sube',1,1,21,4,0),(2492,'2012-01-16','3.00','2 tomates',1,1,16,4,0),(2494,'2012-01-16','100.00','flavia',2,2,23,4,0),(2495,'2012-01-16','500.00','flavia parte 2 -  alquiler',2,2,23,8,0),(2496,'2012-01-17','5.00','vi,lu',1,2,21,3,0),(2497,'2012-01-18','50.00','',1,1,24,4,0),(2498,'2012-01-18','4.50','tomates',1,1,16,4,0),(2499,'2012-01-20','35.00','',1,1,24,4,0),(2500,'2012-01-20','4.50','tomates',1,1,16,4,0),(2501,'2012-01-22','40.00','pizza',1,1,17,4,0),(2502,'2012-01-23','10.50','',1,1,24,4,0),(2503,'2012-01-23','100.00','transfer',1,1,19,8,0),(2504,'2012-01-23','100.00','transfer',2,1,19,4,0),(2505,'2012-01-24','5.65','galletitas',1,1,16,4,0),(2506,'2012-01-24','50.00','nafta',1,1,18,4,0),(2507,'2012-01-24','8.00','',1,1,15,4,0),(2508,'2012-01-25','67.00','nalga',1,2,16,8,0),(2509,'2012-01-25','26.00','bifes',1,2,16,8,0),(2510,'2012-01-25','60.00','agua',1,2,16,8,0),(2511,'2012-01-25','7.70','carrefour',1,2,16,8,0),(2512,'2012-01-25','10.00','pizza',1,2,17,3,0),(2513,'2012-01-25','2.00','propina waffles',1,2,17,3,0),(2514,'2012-01-25','13.75','mier 25/01',1,2,21,3,0),(2515,'2012-01-25','59.00','pizza libre',1,1,17,4,0),(2516,'2012-01-25','9.00','',1,1,24,4,0),(2517,'2012-01-25','170.00','transfer',2,1,19,4,0),(2518,'2012-01-25','170.00','transfer',1,1,19,1,0),(2519,'2012-01-26','3.70','bananas',1,1,16,4,0),(2520,'2012-01-26','113.80','bonificacion promo',2,1,32,1,0),(2521,'2012-01-26','37.18','',1,1,14,1,0),(2522,'2012-01-26','44.41','',1,1,14,1,0),(2523,'2012-01-26','206.73','',1,1,14,1,0),(2524,'2012-01-26','30.00','solera',1,1,17,1,0),(2525,'2012-01-26','1000.00','50% corsa ',1,1,18,1,0),(2526,'2012-01-26','14.43','',1,1,23,1,0),(2527,'2012-01-26','80.00','nafta',1,1,18,1,0),(2528,'2012-01-26','3.75','vi 27/01',1,2,21,3,0),(2529,'2012-01-28','18.00','yogourt',1,1,17,4,0),(2530,'2012-01-28','22.00','starbucks',1,1,17,1,0),(2531,'2012-01-28','23.40','mantenimiento',1,1,32,1,0),(2532,'2012-01-28','4.91','iva banco',1,1,32,1,0),(2533,'2012-01-28','10.00','varios\n',2,2,23,3,0),(2534,'2012-01-28','30.00','regalo juli',1,2,19,3,0),(2535,'2012-01-28','15.00','pescado',1,2,16,3,0),(2538,'2012-01-30','1482.00','clases',2,2,23,3,0),(2537,'2012-01-30','1382.00','enero',1,2,26,3,0),(2539,'2012-01-30','0.80','',1,2,16,3,0),(2540,'2012-01-30','0.25','so',1,2,16,3,0),(2542,'2012-01-30','12.50','bifes',1,2,16,3,0),(2543,'2012-01-30','219.00','clases',2,2,23,3,0),(2544,'2012-01-30','219.00','enero',1,2,22,3,0),(2545,'2012-01-30','1.25','lunes 30',1,2,21,3,0),(2546,'2012-01-30','20.00','SUBE',1,2,21,3,0),(2547,'2012-01-31','51.70','recupero bonus carrefour',2,2,14,8,0),(2548,'2012-01-31','6.00','huevos',1,2,16,8,0),(2549,'2012-01-31','6.30','zanahorias',1,1,16,4,0),(2550,'2012-01-31','4.50','bananas',1,1,16,4,0),(2551,'2012-01-31','13.00','tomates y bananas',1,1,16,4,0),(2552,'2012-01-31','224.01','nafta',1,1,18,1,0),(2553,'2012-01-31','150.19','personal eric',1,1,30,1,0),(2554,'2012-01-31','10.00','',1,1,17,1,0),(2555,'2012-01-31','12.75','',1,1,14,1,0),(2556,'2012-01-31','28.31','comision + iva diciembre',1,1,32,1,0),(2557,'2012-02-01','1.25','mi 1/02',1,2,21,3,0),(2558,'2012-02-02','200.00','transfer',1,1,19,1,0),(2559,'2012-02-02','200.00','transfer',2,1,19,4,0),(2560,'2012-02-02','90.00','registro',1,1,19,4,0),(2561,'2012-02-02','2.00','trapito',1,1,19,4,0),(2562,'2012-02-02','3.50','fruta',1,1,16,4,0),(2563,'2012-02-04','1000.00','febrero',2,2,23,8,0),(2564,'2012-02-04','28.00','helados',1,2,23,4,0),(2565,'2012-02-04','41.00','pizza',1,2,16,8,0),(2566,'2012-02-04','2.00','propina',1,2,17,3,0),(2567,'2012-02-04','1.25','vi',1,2,21,3,0),(2568,'2012-02-05','22.00','milanesa soja y pesacdo',1,2,16,8,0),(2569,'2012-02-05','5.50','salsa',1,1,16,4,0),(2571,'2012-02-06','1965.00','utn',2,2,23,3,0),(2572,'2012-02-06','219.00','febrero',1,2,22,3,0),(2573,'2012-02-06','900.00','parte1',1,2,13,3,0),(2574,'2012-02-06','900.00','parte2',1,2,13,8,0),(2575,'2012-02-06','846.00','feb',1,2,26,3,0),(2576,'2012-02-06','254.00','reg wil y wal',1,2,19,8,0),(2577,'2012-02-07','8.00','',1,1,15,4,0),(2578,'2012-02-07','22.00','',1,1,16,4,0),(2579,'2012-02-07','55.00','chicas',1,2,17,3,0),(2580,'2012-02-09','13.00','',1,1,16,4,0),(2581,'2012-02-11','15.00','pejaes',1,2,17,3,0),(2582,'2012-02-11','10.00','juego',1,2,19,3,0),(2583,'2012-02-11','6.00','virgencitas',1,2,19,3,0),(2584,'2012-02-11','4.00','cura - virgencita',1,2,19,4,0),(2585,'2012-02-11','10.00','peajes',1,2,17,4,0),(2586,'2012-02-11','1.25','lu',1,2,21,3,0),(2587,'2012-02-11','2.40','ju zapatos',1,2,21,3,0),(2588,'2012-02-13','130.00','actualizacion',2,2,23,3,0),(2589,'2012-02-14','300.00','clases',2,2,23,3,0),(2590,'2012-02-14','64.00','agua y soda',1,2,16,3,0),(2592,'2012-02-14','307.00','la canastita',2,2,23,3,0),(2593,'2012-02-14','150.00','85 club, 13 pescado,31 bifes,21 paleta',1,2,19,3,0),(2594,'2012-02-19','3.75','mi,ju,vi',1,2,21,3,0),(2595,'2012-02-19','19.80','varios',1,2,16,3,0),(2597,'2012-02-20','5.50','salsa',1,1,16,8,0),(2598,'2012-02-20','430.00','zapatos',1,2,19,3,0),(2599,'2012-02-21','10.00','sahumerios',1,2,16,3,0),(2600,'2012-02-21','10.00','estacionamiento',1,2,17,4,0),(2601,'2012-02-21','429.44','clases utn',2,2,23,3,0),(2602,'2012-02-21','29.44','fruta',1,2,16,3,0),(2603,'2012-02-21','8.00','huevos',1,1,16,4,0),(2604,'2012-02-21','20.00','frutas atradadas',1,1,16,4,0),(2605,'2012-02-21','8.00','milanesas de soja atrasadas',1,1,16,4,0),(2606,'2012-02-21','60.40','gastos atrasados',1,1,19,4,0),(2607,'2012-02-21','22.40','reintegro',2,1,14,1,0),(2608,'2012-02-21','145.00','registro',1,1,19,1,0),(2635,'2012-02-23','8.75','',1,1,15,4,0),(2610,'2012-02-21','79.90','',1,1,14,1,0),(2611,'2012-02-21','40.46','edesur',1,1,12,1,0),(2612,'2012-02-21','19.62','aysa',1,1,12,1,0),(2613,'2012-02-21','90.83','CMR Falabella',1,1,26,1,0),(2614,'2012-02-21','5000.00','',2,1,23,1,0),(2615,'2012-02-21','42.00','',1,1,24,1,0),(2616,'2012-02-21','20.00','starbucks',1,1,17,1,0),(2617,'2012-02-21','11.80','hidrogel',1,1,19,1,0),(2618,'2012-02-21','103.39','',1,1,14,1,0),(2619,'2012-02-21','118.95','nafta',1,1,18,1,0),(2620,'2012-02-21','148.00','expensas',1,1,13,1,0),(2621,'2012-02-21','0.66','intereses',2,1,32,1,0),(2622,'2012-02-21','907.95','Visa RIO Eric',1,1,16,1,0),(2623,'2012-02-21','99.97','reintegro iva',2,1,32,1,0),(2624,'2012-02-21','11.90','nafta',2,1,18,1,0),(2625,'2012-02-21','806.26','',1,1,14,1,0),(2626,'2012-02-21','2288.82','cuota 1 (doble)',1,1,18,1,0),(2627,'2012-02-21','22.00','starbucks',1,1,17,1,0),(2628,'2012-02-21','223.00','',1,1,19,1,0),(2629,'2012-02-21','182.06','nafta',1,1,18,1,0),(2630,'2012-02-21','18.21','nafta',2,1,18,1,0),(2631,'2012-02-21','1144.41','mitad cuota flavia',2,1,18,1,0),(2632,'2012-02-21','120.94','',2,1,14,1,0),(2633,'2012-02-21','105.10','nafta',1,1,18,1,0),(2634,'2012-02-21','58.00','mcdonalds',1,1,17,1,0),(2636,'2012-02-26','150.00','extraccion',1,1,19,1,0),(2637,'2012-02-26','150.00','transfer',2,1,19,4,0),(2638,'2012-02-26','11.00','milanesas de soja',1,1,16,4,0),(2639,'2012-02-26','2.00','',1,1,17,4,0),(2640,'2012-02-26','178.98','',1,1,14,1,0),(2641,'2012-02-26','20.00','',1,1,17,1,0),(2642,'2012-02-26','10.51','nafta',2,1,18,1,0),(2645,'2012-02-26','23.40','comision',1,1,32,1,0),(2644,'2012-02-26','4.91','iva comision',1,1,32,1,0),(2646,'2012-02-28','5.00','lu 28/02',1,2,21,3,0),(2647,'2012-02-28','7.00','soda x2',1,2,16,8,0),(2648,'2012-02-28','500.00','clases',2,2,23,3,0),(2649,'2012-02-28','80.00','zapatos',1,2,19,3,0),(2650,'2012-02-28','30.00','peine',1,2,19,3,0),(2652,'2012-02-28','45.00','carne, pescado',1,2,16,4,0),(2654,'2012-02-28','300.00','zapatos',1,2,19,3,0),(2655,'2012-02-29','4.00','fruta',1,1,16,4,0),(2656,'2012-02-29','120.00','megaupload',2,1,19,4,0),(2657,'2012-03-01','4020.02','UTN',2,2,23,9,0),(2658,'2012-03-01','219.00','marzo',1,2,22,9,0),(2659,'2012-03-01','27.50','estacionamiento',1,2,17,3,0),(2660,'2012-03-01','5.00','fruta',1,1,16,4,0),(2661,'2012-03-02','11.75','galletitas y leche',1,1,16,4,0),(2662,'2012-03-02','4.00','fruta',1,1,16,4,0),(2663,'2012-03-04','200.00','maquillaje',1,2,19,9,0),(2664,'2012-03-04','90.00','peinado',1,2,19,9,0),(2665,'2012-03-05','1000.00','marzo',2,2,23,8,0),(2666,'2012-03-05','181.00','clases',2,2,23,3,0),(2670,'2012-03-05','500.00','parte 1',1,2,13,3,0),(2671,'2012-03-05','400.00','parte 2',1,2,13,9,0),(2672,'2012-03-05','900.00','parte 3',1,2,13,8,0),(2673,'2012-03-05','2.50','viernes',1,2,21,3,0),(2674,'2012-03-05','62.00','lavado',1,1,18,4,0),(2675,'2012-03-05','5.00','fruta',1,1,16,4,0),(2676,'2012-03-05','2.50','lunes',1,2,21,3,0),(2677,'2012-03-06','4.00','peajes',1,2,19,3,0),(2678,'2012-03-06','22.50','estacionamiento',1,2,19,3,0),(2679,'2012-03-06','1.25','martes',1,2,21,3,0),(2680,'2012-03-06','7.00','fruta',1,2,16,8,0),(2681,'2012-03-07','9.25','',1,1,16,4,0),(2682,'2012-03-08','57.00','tintoreria traje',1,2,19,8,0),(2683,'2012-03-08','2.50','plaza jueves',1,2,21,3,0),(2684,'2012-03-08','41.00','',1,1,24,4,0),(2685,'2012-03-09','6.00','fruta y pan',1,1,16,4,0),(2686,'2012-03-09','43.10','varios',1,2,19,8,0),(2687,'2012-03-09','28.50','wilson',2,2,14,8,0),(2688,'2012-03-13','18.50','agua +soda',1,2,16,8,0),(2689,'2012-03-13','50.00','pesacdo x 3 + bifes',1,2,16,8,0),(2690,'2012-03-13','1686.50','marzo',1,2,26,9,0),(2691,'2012-03-13','1058.38','cuota2',1,2,18,9,0),(2692,'2012-03-13','7.00','mantenimiento',1,2,19,9,0),(2693,'2012-03-13','27.00','mantenimiento',1,2,19,9,0),(2694,'2012-03-13','252.35','recuperar dolares',1,2,19,9,0),(2695,'2012-03-15','10.30','',1,1,16,4,0),(2696,'2012-03-15','30.00','',1,1,24,4,0),(2697,'2012-03-15','4.00','',1,1,16,4,0),(2698,'2012-03-15','200.00','extraccion',1,1,19,1,0),(2701,'2012-03-15','200.00','transfer',2,1,19,4,0),(2700,'2012-03-15','78.00','pollo',1,1,16,4,0),(2702,'2012-03-15','150.00','nafta',1,1,18,1,0),(2703,'2012-03-15','9.38','promo',2,1,19,1,0),(2704,'2012-03-15','150.66','personal eric',1,1,30,1,0),(2705,'2012-03-15','93.02','cmr falabella',1,1,26,1,0),(2706,'2012-03-15','72.97','osde',1,1,31,1,0),(2707,'2012-03-15','5000.00','',2,1,23,1,0),(2708,'2012-03-15','148.00','expensas',1,1,13,1,0),(2709,'2012-03-15','149.03','nafta',1,1,18,1,0),(2710,'2012-03-15','64.58','reintegro iva',2,1,16,1,0),(2711,'2012-03-15','0.42','intereses',2,1,32,1,0),(2712,'2012-03-15','1058.38','cuota',1,1,18,1,0),(2713,'2012-03-15','14.90','nafta',2,1,18,1,0),(2714,'2012-03-15','435.91','',1,1,14,1,0),(2715,'2012-03-15','86.98','helado coy',1,1,17,1,0),(2716,'2012-03-15','107.70','nafta',1,1,18,1,0),(2717,'2012-03-15','1892.48','visa RIO',1,1,26,1,0),(2718,'2012-03-15','65.39','promo',2,1,14,1,0),(2719,'2012-03-15','10.77','nafta',2,1,18,1,0),(2720,'2012-03-15','13.04','',1,1,14,1,0),(2721,'2012-03-16','3.60','plaza viernes',1,2,21,3,0),(2722,'2012-03-16','8.00','huevos',1,2,16,8,0),(2723,'2012-03-16','33.50','agua',1,2,16,8,0),(2724,'2012-03-19','34.00','est + peajes',1,2,19,3,0),(2725,'2012-03-19','8.00','milanesa de sojas',1,2,16,4,0),(2726,'2012-03-20','7.00','duraznos',1,1,16,4,0),(2727,'2012-03-20','22.00','',1,1,21,4,0),(2728,'2012-03-20','10.00','carga sube',1,1,21,4,0),(2729,'2012-03-20','90.00','clases',2,2,23,3,0),(2730,'2012-03-20','90.00','carne + pescado',1,2,16,3,0),(2731,'2012-03-20','40.00','querubin, etc',2,2,14,8,0),(2732,'2012-03-22','2.50','plaza jueves',1,2,21,3,0),(2733,'2012-03-27','2.50','lunes',1,2,21,3,0),(2734,'2012-03-27','13.00','shampoo',2,2,16,8,0),(2735,'2012-03-29','2.50','jueves',1,2,21,3,0),(2736,'2012-03-29','13.00','pescado',1,2,16,8,0),(2737,'2012-03-29','22.00','ñoquis',1,2,16,8,0),(2738,'2012-03-29','27.75','descuento silvana',2,1,19,4,0),(2739,'2012-03-29','21.00','starbucks',1,1,17,1,0),(2740,'2012-03-29','304.09','',1,1,14,1,0),(2741,'2012-03-29','100.12','nafta',1,1,18,1,0),(2742,'2012-03-29','475.00','mitad accesorios',2,1,18,1,0),(2743,'2012-03-29','10.01','nafta',2,1,18,1,0),(2744,'2012-03-29','39.00','',1,1,14,1,0),(2745,'2012-03-29','38.00','',1,1,24,1,0),(2746,'2012-03-29','33.00','',1,1,17,1,0),(2747,'2012-03-29','23.40','comision',1,1,32,1,0),(2748,'2012-03-29','4.91','iva comision',1,1,32,1,0),(2749,'2012-03-29','147.72','',1,1,14,1,0),(2750,'2012-03-31','8.00','milanesas de soja',1,1,16,4,0),(2751,'2012-03-31','7.80','verduleria',1,1,16,4,0),(2752,'2012-03-31','2.00','lechuga',1,2,16,4,0),(2763,'2012-04-07','8.00','pizza',1,2,16,3,0),(2754,'2012-04-03','950.00','',2,1,23,8,0),(2762,'2012-04-07','50.00','',2,2,23,8,0),(2756,'2012-04-03','2.00','fruta',1,1,16,4,0),(2757,'2012-04-03','120.00','estacionamiento foo',1,1,17,8,0),(2759,'2012-04-06','40.00','ravioles',1,1,14,4,0),(2760,'2012-04-07','3.75','jueves',1,2,21,3,0),(2761,'2012-04-07','6.00','juegos',1,2,19,3,0),(2764,'2012-04-07','4.00','huevos',1,2,16,3,0),(2765,'2012-04-07','4950.08','sueldo',2,2,23,9,0),(2766,'2012-04-07','120.00','avellaneda',1,2,19,9,0),(2767,'2012-04-07','400.00','abril',1,2,13,9,0),(2768,'2012-04-07','255.00','abril',1,2,22,9,0),(2769,'2012-04-07','955.32','cuota',1,2,18,9,0),(2770,'2012-04-07','92.00','carne',1,2,16,9,0),(2771,'2012-04-10','500.00','abril',1,2,13,9,0),(2772,'2012-04-10','900.00','abril',1,2,13,8,0),(2773,'2012-04-10','675.83','abril',1,2,26,9,0),(2774,'2012-04-10','10.00','propina pizza',1,1,17,4,0),(2775,'2012-04-10','8.00','ensalada',1,1,24,4,0),(2776,'2012-04-11','4.00','fruta',1,1,16,4,0),(2777,'2012-04-13','30.00','taxi forest',1,1,21,4,0),(2778,'2012-04-14','8.00','pizza',1,1,16,4,0),(2779,'2012-04-16','100.00','italiano',1,2,25,9,0),(2780,'2012-04-16','22.00','viatico',1,2,17,3,0),(2781,'2012-04-16','20.00','entrada',1,2,19,3,0),(2782,'2012-04-17','884.00','compra dolares',1,1,19,1,0),(2783,'2012-04-17','21.00','',1,1,17,1,0),(2784,'2012-04-17','44.00','actron',1,1,28,1,0),(2785,'2012-04-17','25.55','antibioticos eric',1,1,28,1,0),(2786,'2012-04-17','200.02','nafta',1,1,18,1,0),(2787,'2012-04-17','150.19','personal eric',1,1,30,1,0),(2788,'2012-04-17','28.57','edesur',1,1,12,1,0),(2789,'2012-04-17','92.80','CMR Falabella',1,1,26,1,0),(2790,'2012-04-17','19.62','aysa',1,1,12,1,0),(2791,'2012-04-17','156.38','osde',1,1,31,1,0),(2792,'2012-04-17','5000.00','',2,1,23,1,0),(2793,'2012-04-17','148.00','expensas',1,1,13,1,0),(2794,'2012-04-17','47.02','reintegro iva',2,1,32,1,0),(2795,'2012-04-17','275.69','',1,1,14,1,0),(2796,'2012-04-17','955.32','cuota',1,1,18,1,0),(2797,'2012-04-17','116.00','el destino',1,1,17,1,0),(2798,'2012-04-17','105.02','nafta',1,1,18,1,0),(2799,'2012-04-17','250.00','extraccion',1,1,19,1,0),(2800,'2012-04-17','20.00','nafta',2,1,18,1,0),(2801,'2012-04-17','0.60','intereses',2,1,32,1,0),(2802,'2012-04-17','1061.10','visa rio eric',1,1,26,1,0),(2803,'2012-04-17','40.00','BK',1,1,24,1,0),(2804,'2012-04-17','24.25','evatest',1,1,28,1,0),(2805,'2012-04-17','10.50','nafta',2,1,18,1,0),(2806,'2012-04-17','22.90','',1,1,14,1,0),(2807,'2012-04-17','327.34','',1,1,14,1,0),(2808,'2012-04-17','120.05','nafta',1,1,18,1,0),(2809,'2012-04-18','23.34','itau',1,1,26,1,0),(2810,'2012-04-18','150.00','extraccion',1,1,19,1,0),(2811,'2012-04-18','35.00','',1,1,24,4,0),(2812,'2012-04-18','150.00','transfer',2,1,19,4,0),(2813,'2012-04-19','8.50','milanesas de soja',1,1,16,4,0),(2817,'2012-04-19','35.00','peluqueria',1,1,19,4,0),(2815,'2012-04-19','8.90','verduleria',1,1,16,4,0),(2816,'2012-04-19','5.00','galletitas',1,1,16,4,0),(2818,'2012-04-20','30.00','',1,1,24,4,0),(2819,'2012-04-20','2.00','fruta',1,1,16,4,0),(2821,'2012-04-23','8.75','lunes 23/04',1,2,21,3,0),(2822,'2012-04-23','175.00','canillas',1,2,13,9,0),(2823,'2012-04-23','7.00','peaje',1,2,17,3,0),(2826,'2012-04-23','21.30','varios',1,2,19,3,0),(2827,'2012-04-23','150.00','extraccion',1,1,19,1,0),(2828,'2012-04-23','200.00','extraccion',1,1,19,1,0),(2829,'2012-04-23','350.00','transfer',2,1,19,4,0),(2830,'2012-04-23','190.00','nafta',1,1,18,4,0),(2831,'2012-04-23','34.75','plac out',1,1,28,4,0),(2832,'2012-05-03','864.00','',2,2,23,3,0),(2833,'2012-05-03','7.50','02/05',1,2,21,3,0),(2834,'2012-05-03','140.00','vitaminas',1,2,28,3,0),(2835,'2012-05-03','570.00','estufas',1,2,19,3,0),(2836,'2012-05-03','84.00','pen drive',1,2,19,3,0),(2837,'2012-05-03','60.00','reg. lau',1,2,19,3,0),(2838,'2012-05-04','2.50','de hace 2 semanas',1,2,21,3,0),(2839,'2012-05-04','20.00','monedas',2,2,23,3,0),(2840,'2012-05-04','955.32','cuota4',1,2,18,9,0),(2841,'2012-05-06','150.00','auer 1/2',2,1,34,1,0),(2842,'2012-05-06','55.25','',1,1,14,1,0),(2843,'2012-05-06','150.00','auer 2/2',2,1,34,1,0),(2844,'2012-05-06','23.40','comision',1,1,32,1,0),(2845,'2012-05-06','4.91','',1,1,32,1,0),(2846,'2012-05-06','40.00','',1,1,24,1,0),(2847,'2012-05-06','150.00','auer 1/2',2,1,34,1,0),(2848,'2012-05-06','700.00','extraccion estufas',1,1,19,1,0),(2849,'2012-05-06','66.06','',1,1,14,1,0),(2850,'2012-05-06','394.74','',1,1,14,1,0),(2851,'2012-05-06','75.68','shampoo eric',1,1,28,1,0),(2852,'2012-05-06','120.02','nafta',1,1,18,1,0),(2853,'2012-05-06','60.00','merienda pto madero',1,1,17,1,0),(2854,'2012-05-06','5000.00','',2,1,23,1,0),(2855,'2012-05-06','148.00','expensas',1,1,13,1,0),(2856,'2012-05-06','955.32','cuota',1,1,18,1,0),(2857,'2012-05-06','32.99','metrogas',1,1,12,1,0),(2858,'2012-05-06','156.38','osde',1,1,31,1,0),(2865,'2012-05-06','151.46','personal eric',1,1,30,1,0),(2860,'2012-05-06','106.64','visa itau',1,1,26,1,0),(2861,'2012-05-06','40.06','reintegro iva',2,1,32,1,0),(2862,'2012-05-06','7.49','reintegro promo',2,1,19,1,0),(2863,'2012-05-06','194.96','',1,1,14,1,0),(2864,'2012-05-06','150.06','nafta',1,1,18,1,0),(2866,'2012-05-06','92.58','CMR Falabella',1,1,26,1,0),(2868,'2012-05-06','12.01','nafta',2,1,18,1,0),(2869,'2012-05-06','37.25','nivelacion',2,1,19,4,0),(2870,'2012-05-06','1000.00','',2,1,23,8,0),(2871,'2012-05-06','100.00','nivelacion',1,1,16,4,0),(2872,'2012-05-07','415.84','mayo',1,2,26,9,0),(2873,'2012-05-07','100.00','italiano',1,2,25,9,0),(2874,'2012-05-07','1000.00','cheque1',2,2,23,9,0),(2875,'2012-05-07','10.50','',1,1,24,4,0),(2876,'2012-05-08','34.00','',1,1,24,4,0),(2877,'2012-05-08','3.75','8/5',1,2,21,3,0),(2878,'2012-05-09','900.00','mayo',1,2,13,9,0),(2879,'2012-05-09','900.00','alquiler mayo',1,2,13,8,0),(2880,'2012-05-10','3.00','fruta',1,1,16,4,0),(2881,'2012-05-15','255.00','mayo',1,2,22,9,0),(2882,'2012-05-15','3.75','14/05',1,2,21,3,0),(2883,'2012-05-17','43.00','taxi UTN - paro',1,2,21,9,0),(2884,'2012-05-17','25.00','chino',1,1,24,4,0),(2885,'2012-05-17','7.00','empanadas',1,1,24,4,0),(2886,'2012-05-17','8.00','prepizza',1,1,16,4,0),(2887,'2012-05-17','1.50','fruta',1,1,16,4,0),(2888,'2012-05-17','20.00','',1,1,24,4,0),(2889,'2012-05-18','14.00','',1,1,24,4,0),(2890,'2012-05-19','39.20','Mantel',1,1,19,4,0),(2891,'2012-05-19','100.00','',2,1,19,4,0),(2892,'2012-05-19','8.00','Prepizza',1,1,16,4,0),(2893,'2012-05-21','74.00','Marila',2,1,14,4,0),(2894,'2012-05-22','10.25','Leche y galletitas ofi',1,1,16,4,0),(2895,'2012-05-22','24.00','',1,1,24,4,0),(2896,'2012-05-22','51.00','',1,1,19,4,0),(2897,'2012-05-22','150.00','extraccion',2,1,19,4,0),(2898,'2012-05-22','17.00','',1,1,24,4,0),(2899,'2012-05-22','1509.44','visa rio eric',1,1,26,1,0),(2900,'2012-05-22','0.45','intereses',2,1,32,1,0),(2901,'2012-05-22','58.50','ventide',1,1,28,1,0),(2902,'2012-05-22','15.01','nafta',2,1,18,1,0),(2903,'2012-05-22','61.53','',1,1,14,1,0),(2904,'2012-05-22','31.80','medialunas cena',1,1,16,1,0),(2905,'2012-05-22','120.00','nafta',1,1,18,1,0),(2906,'2012-05-22','800.00','red moda',2,1,34,1,0),(2907,'2012-05-22','150.00','cabestany',2,1,34,1,0),(2908,'2012-05-22','12.00','nafta',2,1,18,1,0),(2909,'2012-05-22','100.02','',1,1,14,1,0),(2910,'2012-05-22','45.00','aire comprimido',1,1,19,1,0),(2911,'2012-05-22','114.04','nafta',1,1,18,1,0),(2912,'2012-05-22','38.00','',1,1,24,1,0),(2913,'2012-05-22','150.00','extraccion',1,1,19,1,0),(2914,'2012-05-24','2.25','fruta',1,1,16,4,0),(2915,'2012-05-24','10.00','',2,1,24,4,0),(2916,'2012-05-26','4.00','pan',1,1,16,4,0),(2917,'2012-05-30','100.00','parte 1 pollo',1,2,16,8,0),(2918,'2012-05-30','32.00','',1,1,24,4,0),(2919,'2012-05-31','18.00','',1,1,24,4,0),(2920,'2012-06-01','2000.00','utn',2,2,23,9,0),(2921,'2012-06-01','255.00','club',1,2,19,9,0),(2922,'2012-06-05','8.00','',1,1,16,4,0),(2924,'2012-06-05','1000.00','junio',2,1,23,8,0),(2925,'2012-06-05','12.50','lunes 4/06',1,1,21,3,0),(2926,'2012-06-06','900.00','junio',1,2,13,9,0),(2927,'2012-06-06','800.00','cheque 2',2,2,23,9,0),(2928,'2012-06-06','1000.00','cuota 5',1,2,18,9,0),(2929,'2012-06-06','255.00','junio',1,2,22,9,0),(2930,'2012-06-06','900.00','parte 2',1,2,13,8,0),(2931,'2012-06-08','18.00','',2,1,24,4,0),(2932,'2012-06-08','120.00','',2,1,14,4,0),(2933,'2012-06-08','19.00','',1,1,24,4,0),(2934,'2012-06-08','50.00','mierc utn',1,2,21,9,0),(2935,'2012-06-08','38.00','',1,1,24,4,0),(2936,'2012-06-09','44.00','pizza martes',1,1,19,4,0),(2940,'2012-06-11','100.00','italiano',1,2,25,9,0),(2938,'2012-06-09','44.00','pizza',1,2,16,9,0),(2939,'2012-06-11','12.00','milanesa de soja y mani',1,2,16,9,0),(2950,'2012-06-19','35.00','almuerzo sole',1,2,16,9,0),(2942,'2012-06-13','20.00','2 tostados',1,2,16,9,0),(2943,'2012-06-13','1000.00','utn',2,2,23,9,0),(2944,'2012-06-19','100.00','pollo y carne',1,2,16,8,0),(2945,'2012-06-19','49.00','pollo, pantalon,envase',1,2,16,9,0),(2946,'2012-06-19','40.00','pollo',1,2,16,9,0),(2947,'2012-06-19','674.28','junio',1,2,26,9,0),(2948,'2012-06-19','34.25','19/06 utn',1,2,21,3,0),(2949,'2012-06-19','50.00','utn',2,2,23,3,0),(2951,'2012-06-25','120.00','nafta',1,1,18,4,0),(2952,'2012-06-25','11.60','balance',1,1,19,4,0),(2953,'2012-06-25','200.00','trasnfer',2,1,19,4,0),(2954,'2012-05-29','22.81','',2,1,14,1,0),(2955,'2012-05-29','28.69','reliveran flavia',1,1,28,1,0),(2956,'2012-05-29','41.25','',1,1,24,1,0),(2957,'2012-05-29','408.06','',1,1,14,1,0),(2958,'2012-05-29','27.00','CINE',1,1,17,1,0),(2959,'2012-05-29','600.00','extraccion',1,1,19,1,0),(2960,'2012-05-29','23.40','comision',1,1,32,1,0),(2961,'2012-05-29','4.91','iva banco',1,1,32,1,0),(2962,'2012-05-29','245.59','',1,1,23,1,0),(2963,'2012-05-29','150.19','personal eric',1,1,30,1,0),(2964,'2012-05-29','2000.00','hernando 50%',2,1,34,1,0),(2965,'2012-06-25','191.84','',1,1,14,1,0),(2966,'2012-06-25','260.03','nafta',1,1,18,1,0),(2967,'2012-06-25','5000.00','',2,1,23,1,0),(2968,'2012-06-25','73.18','reintegro iva',2,1,32,1,0),(2969,'2012-06-25','92.36','cmr falabella',1,1,26,1,0),(2970,'2012-06-25','186.38','osde',1,1,31,1,0),(2971,'2012-06-25','46.88','edesur',1,1,12,1,0),(2972,'2012-06-25','105.35','visa itau',1,1,26,1,0),(2973,'2012-06-25','19.62','aysa',1,1,12,1,0),(2974,'2012-06-25','148.00','expensas',1,1,13,1,0),(2975,'2012-06-25','1000.00','cuota auto',1,1,18,1,0),(2976,'2012-06-25','36.00','',1,1,24,1,0),(2977,'2012-06-25','26.00','nafta',2,1,18,1,0),(2978,'2012-06-25','72.43','',1,1,14,1,0),(2979,'2012-06-25','0.46','intereses',2,1,32,1,0),(2980,'2012-06-25','326.31','',1,1,14,1,0),(2981,'2012-06-25','150.04','nafta',1,1,18,1,0),(2982,'2012-06-25','7.20','',2,1,14,1,0),(2983,'2012-06-25','944.33','visa ericx',1,1,26,1,0),(2984,'2012-06-25','41.00','',1,1,24,1,0),(2985,'2012-06-25','524.91','amex eric',1,1,26,1,0),(2986,'2012-06-25','10.86','',2,1,14,1,0),(2987,'2012-06-25','15.00','',2,1,18,1,0),(2988,'2012-06-25','21.66','',1,1,14,1,0),(2989,'2012-06-25','46.74','',1,1,14,1,0),(2990,'2012-06-25','160.05','NAFTA',1,1,18,1,0),(2991,'2012-06-25','277.36','patente',1,1,18,1,0),(2992,'2012-06-25','100.00','arreglo abc banca',2,1,34,1,0),(2993,'2012-06-25','31.00','',1,1,24,1,0),(2994,'2012-06-25','9.00','',2,1,14,1,0),(2995,'2012-06-25','55.63','',1,1,14,1,0),(2996,'2012-06-25','150.00','extraccion',1,1,19,1,0),(2997,'2012-06-25','50.00','extraccion',1,1,19,1,0),(2999,'2012-06-25','15.60','lechuga tomate y bananas',1,1,16,4,0);

/*Table structure for table `types` */

DROP TABLE IF EXISTS `types`;

CREATE TABLE `types` (
  `id` int(11) unsigned NOT NULL AUTO_INCREMENT,
  `name` varchar(250) DEFAULT NULL,
  PRIMARY KEY (`id`)
) ENGINE=MyISAM AUTO_INCREMENT=4 DEFAULT CHARSET=utf8;

/*Data for the table `types` */

insert  into `types`(`id`,`name`) values (1,'Egreso'),(2,'Ingreso'),(3,'Transferencia');

/*Table structure for table `users` */

DROP TABLE IF EXISTS `users`;

CREATE TABLE `users` (
  `id` int(11) unsigned NOT NULL AUTO_INCREMENT,
  `firstname` varchar(250) DEFAULT NULL,
  `lastname` varchar(250) DEFAULT NULL,
  `email` varchar(250) DEFAULT NULL,
  `password` char(32) DEFAULT NULL,
  PRIMARY KEY (`id`)
) ENGINE=MyISAM AUTO_INCREMENT=3 DEFAULT CHARSET=utf8;

/*Data for the table `users` */

insert  into `users`(`id`,`firstname`,`lastname`,`email`,`password`) values (1,'Eric','Kersten','eric','29988429c481f219b8c5ba8c071440e1'),(2,'Flavia','Ursino','flavia','91582721be524e4c58484983c73120c9');

/*!40101 SET SQL_MODE=@OLD_SQL_MODE */;
/*!40014 SET FOREIGN_KEY_CHECKS=@OLD_FOREIGN_KEY_CHECKS */;
/*!40014 SET UNIQUE_CHECKS=@OLD_UNIQUE_CHECKS */;
/*!40111 SET SQL_NOTES=@OLD_SQL_NOTES */;
